#node1	node2	node1_string_id	node2_string_id	neighborhood_on_chromosome	gene_fusion	phylogenetic_cooccurrence	homology	coexpression	experimentally_determined_interaction	database_annotated	automated_textmining	combined_score
AR	MAPK14	9606.ENSP00000363822	9606.ENSP00000229795	0	0	0	0	0	0.104	0.900	0.289	0.930
AR	JUND	9606.ENSP00000363822	9606.ENSP00000252818	0	0	0	0	0	0.290	0	0.774	0.833
AR	MDM2	9606.ENSP00000363822	9606.ENSP00000258149	0	0	0	0	0	0.898	0	0.988	0.998
AR	CREBBP	9606.ENSP00000363822	9606.ENSP00000262367	0	0	0	0	0	0.788	0.900	0.636	0.991
AR	EP300	9606.ENSP00000363822	9606.ENSP00000263253	0	0	0	0	0	0.881	0.900	0.793	0.997
AR	STAT3	9606.ENSP00000363822	9606.ENSP00000264657	0	0	0	0	0	0.680	0	0.986	0.995
AR	RB1	9606.ENSP00000363822	9606.ENSP00000267163	0	0	0	0	0	0.687	0.650	0.489	0.939
AR	TP53	9606.ENSP00000363822	9606.ENSP00000269305	0	0	0	0	0	0.474	0	0.776	0.877
AR	SP1	9606.ENSP00000363822	9606.ENSP00000329357	0	0	0	0	0	0.869	0	0.813	0.974
AR	SMAD3	9606.ENSP00000363822	9606.ENSP00000332973	0	0	0	0	0	0.684	0.900	0.960	0.998
AR	SMAD4	9606.ENSP00000363822	9606.ENSP00000341551	0	0	0	0	0	0.291	0.900	0.937	0.995
AR	JUN	9606.ENSP00000363822	9606.ENSP00000360266	0	0	0	0	0	0.499	0	0.928	0.962
AR	HDAC1	9606.ENSP00000363822	9606.ENSP00000362649	0	0	0	0	0	0.762	0	0.833	0.958
AR	HDAC2	9606.ENSP00000363822	9606.ENSP00000430432	0	0	0	0	0	0.298	0	0.602	0.709
AR	RELA	9606.ENSP00000363822	9606.ENSP00000384273	0	0	0	0	0	0.489	0	0.501	0.734
AR	MYC	9606.ENSP00000363822	9606.ENSP00000479618	0	0	0	0	0	0.069	0	0.832	0.837
AR	RNF4	9606.ENSP00000363822	9606.ENSP00000426503	0	0	0	0	0	0.680	0	0.526	0.841
AR	ETS1	9606.ENSP00000363822	9606.ENSP00000376436	0	0	0	0	0	0.468	0	0.737	0.854
AR	HIF1A	9606.ENSP00000363822	9606.ENSP00000437955	0	0	0	0	0	0.521	0	0.722	0.861
AR	SMARCA4	9606.ENSP00000363822	9606.ENSP00000395654	0	0	0	0	0	0.687	0	0.661	0.889
AR	MAPK8	9606.ENSP00000363822	9606.ENSP00000378974	0	0	0	0	0	0	0.900	0.285	0.925
ARNT	CREBBP	9606.ENSP00000351407	9606.ENSP00000262367	0	0	0	0	0.090	0.392	0.900	0.600	0.974
ARNT	EP300	9606.ENSP00000351407	9606.ENSP00000263253	0	0	0	0	0.063	0.594	0.900	0.968	0.998
ARNT	SP1	9606.ENSP00000351407	9606.ENSP00000329357	0	0	0	0	0.080	0.284	0.900	0.294	0.947
ARNT	SMAD3	9606.ENSP00000351407	9606.ENSP00000332973	0	0	0	0	0	0	0.900	0.214	0.918
ARNT	SMAD4	9606.ENSP00000351407	9606.ENSP00000341551	0	0	0	0	0.045	0	0.900	0.193	0.916
ARNT	CDKN1A	9606.ENSP00000351407	9606.ENSP00000384849	0	0	0	0	0	0	0.900	0.211	0.917
ARNT	ESR1	9606.ENSP00000351407	9606.ENSP00000405330	0	0	0	0	0.062	0.578	0	0.811	0.918
ARNT	JUN	9606.ENSP00000351407	9606.ENSP00000360266	0	0	0	0	0	0.270	0.900	0.387	0.951
ARNT	HIF1A	9606.ENSP00000351407	9606.ENSP00000437955	0	0	0	0.583	0.062	0.999	0.900	0.994	0.999
ATF7IP	SP1	9606.ENSP00000440440	9606.ENSP00000329357	0	0	0	0	0.065	0.835	0	0.707	0.950
CDK9	SMAD2	9606.ENSP00000362361	9606.ENSP00000262160	0	0	0	0	0	0.270	0.900	0.226	0.938
CDK9	STAT3	9606.ENSP00000362361	9606.ENSP00000264657	0	0	0	0	0	0.270	0	0.970	0.977
CDK9	RB1	9606.ENSP00000362361	9606.ENSP00000267163	0	0	0	0	0.062	0.843	0	0.693	0.951
CDK9	TP53	9606.ENSP00000362361	9606.ENSP00000269305	0	0	0	0	0	0.839	0	0.731	0.954
CDK9	SP1	9606.ENSP00000362361	9606.ENSP00000329357	0	0	0	0	0.059	0.058	0.600	0.835	0.933
CDK9	SMAD3	9606.ENSP00000362361	9606.ENSP00000332973	0	0	0	0	0	0.270	0.900	0.456	0.956
CDK9	SMAD4	9606.ENSP00000362361	9606.ENSP00000341551	0	0	0	0	0.047	0.128	0.900	0.521	0.954
CDK9	ESR1	9606.ENSP00000362361	9606.ENSP00000405330	0	0	0	0	0	0	0.600	0.474	0.780
CDK9	TBP	9606.ENSP00000362361	9606.ENSP00000375942	0	0	0	0	0.062	0	0.600	0.587	0.831
CDK9	CDKN1A	9606.ENSP00000362361	9606.ENSP00000384849	0	0	0	0	0	0.270	0.720	0.368	0.859
CDK9	RELA	9606.ENSP00000362361	9606.ENSP00000384273	0	0	0	0	0.109	0.270	0	0.829	0.879
CDK9	MYC	9606.ENSP00000362361	9606.ENSP00000479618	0	0	0	0	0	0.876	0	0.908	0.988
CDKN1A	MDM2	9606.ENSP00000384849	9606.ENSP00000258149	0	0	0	0	0.062	0.872	0	0.823	0.976
CDKN1A	CREBBP	9606.ENSP00000384849	9606.ENSP00000262367	0	0	0	0	0.049	0.693	0	0.495	0.840
CDKN1A	EP300	9606.ENSP00000384849	9606.ENSP00000263253	0	0	0	0	0.049	0.846	0.900	0.632	0.993
CDKN1A	STAT3	9606.ENSP00000384849	9606.ENSP00000264657	0	0	0	0	0.073	0.873	0.900	0.638	0.995
CDKN1A	RB1	9606.ENSP00000384849	9606.ENSP00000267163	0	0	0	0	0.056	0.370	0.900	0.741	0.982
CDKN1A	TP53	9606.ENSP00000384849	9606.ENSP00000269305	0	0	0	0	0	0.968	0.900	0.903	0.999
CDKN1A	CDKN2B	9606.ENSP00000384849	9606.ENSP00000276925	0	0	0	0	0.097	0	0.650	0.820	0.938
CDKN1A	SP3	9606.ENSP00000384849	9606.ENSP00000310301	0	0	0	0	0	0.058	0.900	0.263	0.924
CDKN1A	SP1	9606.ENSP00000384849	9606.ENSP00000329357	0	0	0	0	0	0.282	0.900	0.489	0.960
CDKN1A	SMAD3	9606.ENSP00000384849	9606.ENSP00000332973	0	0	0	0	0	0.270	0.900	0.527	0.962
CDKN1A	SMAD4	9606.ENSP00000384849	9606.ENSP00000341551	0	0	0	0	0	0.632	0.900	0.528	0.981
CDKN1A	E2F1	9606.ENSP00000384849	9606.ENSP00000345571	0	0	0	0	0.052	0.273	0.900	0.672	0.974
CDKN1A	ARNT	9606.ENSP00000384849	9606.ENSP00000351407	0	0	0	0	0	0	0.900	0.211	0.917
CDKN1A	JUN	9606.ENSP00000384849	9606.ENSP00000360266	0	0	0	0	0.079	0.270	0.900	0.616	0.970
CDKN1A	CDK9	9606.ENSP00000384849	9606.ENSP00000362361	0	0	0	0	0	0.270	0.720	0.368	0.859
CDKN1A	HDAC1	9606.ENSP00000384849	9606.ENSP00000362649	0	0	0	0	0	0.731	0	0.633	0.897
CDKN1A	TFAP2A	9606.ENSP00000384849	9606.ENSP00000368924	0	0	0	0	0	0	0.900	0.210	0.917
CDKN1A	MAPK8	9606.ENSP00000384849	9606.ENSP00000378974	0	0	0	0	0	0.487	0.900	0.464	0.970
CDKN1A	ESR1	9606.ENSP00000384849	9606.ENSP00000405330	0	0	0	0	0	0.675	0	0.597	0.863
CDKN1A	CEBPA	9606.ENSP00000384849	9606.ENSP00000427514	0	0	0	0	0.049	0.334	0.800	0.391	0.912
CDKN1A	HIF1A	9606.ENSP00000384849	9606.ENSP00000437955	0	0	0	0	0	0	0.900	0.522	0.950
CDKN1A	MYC	9606.ENSP00000384849	9606.ENSP00000479618	0	0	0	0	0	0.307	0.900	0.748	0.981
CDKN2B	SMAD2	9606.ENSP00000276925	9606.ENSP00000262160	0	0	0	0	0	0.057	0.900	0.514	0.950
CDKN2B	TP53	9606.ENSP00000276925	9606.ENSP00000269305	0	0	0	0	0	0.142	0	0.729	0.757
CDKN2B	MYC	9606.ENSP00000276925	9606.ENSP00000479618	0	0	0	0	0	0.144	0.800	0.653	0.935
CDKN2B	CDKN1A	9606.ENSP00000276925	9606.ENSP00000384849	0	0	0	0	0.097	0	0.650	0.820	0.938
CDKN2B	SP1	9606.ENSP00000276925	9606.ENSP00000329357	0	0	0	0	0.049	0.298	0.900	0.241	0.942
CDKN2B	SMAD3	9606.ENSP00000276925	9606.ENSP00000332973	0	0	0	0	0	0.057	0.900	0.518	0.950
CDKN2B	SMAD4	9606.ENSP00000276925	9606.ENSP00000341551	0	0	0	0	0	0.282	0.900	0.536	0.963
CEBPA	MAPK14	9606.ENSP00000427514	9606.ENSP00000229795	0	0	0	0	0.062	0.061	0.900	0.321	0.932
CEBPA	CREBBP	9606.ENSP00000427514	9606.ENSP00000262367	0	0	0	0	0.053	0.279	0.900	0.725	0.978
CEBPA	EP300	9606.ENSP00000427514	9606.ENSP00000263253	0	0	0	0	0.062	0.302	0.900	0.905	0.993
CEBPA	STAT3	9606.ENSP00000427514	9606.ENSP00000264657	0	0	0	0	0.062	0.066	0.650	0.720	0.903
CEBPA	RB1	9606.ENSP00000427514	9606.ENSP00000267163	0	0	0	0	0	0.687	0.900	0.236	0.974
CEBPA	TP53	9606.ENSP00000427514	9606.ENSP00000269305	0	0	0	0	0	0	0	0.765	0.766
CEBPA	PPARG	9606.ENSP00000427514	9606.ENSP00000287820	0	0	0	0	0.062	0.069	0.900	0.949	0.995
CEBPA	FOS	9606.ENSP00000427514	9606.ENSP00000306245	0	0	0	0	0.112	0.299	0.900	0.880	0.991
CEBPA	SP1	9606.ENSP00000427514	9606.ENSP00000329357	0	0	0	0	0	0.058	0.900	0.690	0.968
CEBPA	MAPK11	9606.ENSP00000427514	9606.ENSP00000333685	0	0	0	0	0	0.061	0.900	0.208	0.919
CEBPA	E2F1	9606.ENSP00000427514	9606.ENSP00000345571	0	0	0	0	0	0.110	0.600	0.330	0.740
CEBPA	ETS2	9606.ENSP00000427514	9606.ENSP00000353344	0	0	0	0	0.096	0.058	0.900	0.710	0.972
CEBPA	JUN	9606.ENSP00000427514	9606.ENSP00000360266	0	0	0	0	0.077	0.316	0.900	0.984	0.998
CEBPA	HDAC1	9606.ENSP00000427514	9606.ENSP00000362649	0	0	0	0	0	0.715	0	0.981	0.994
CEBPA	ETS1	9606.ENSP00000427514	9606.ENSP00000376436	0	0	0	0	0.062	0.058	0.900	0.840	0.984
CEBPA	CDKN1A	9606.ENSP00000427514	9606.ENSP00000384849	0	0	0	0	0.049	0.334	0.800	0.391	0.912
CEBPA	PPARA	9606.ENSP00000427514	9606.ENSP00000385523	0	0	0	0	0.063	0.069	0	0.686	0.702
CEBPA	TNF	9606.ENSP00000427514	9606.ENSP00000398698	0	0	0	0	0.076	0	0.900	0.598	0.959
CEBPA	ESR1	9606.ENSP00000427514	9606.ENSP00000405330	0	0	0	0	0.062	0.291	0	0.841	0.885
CEBPA	HIF1A	9606.ENSP00000427514	9606.ENSP00000437955	0	0	0	0	0	0.494	0	0.501	0.737
CEBPA	MYC	9606.ENSP00000427514	9606.ENSP00000479618	0	0	0	0	0.058	0.334	0.900	0.644	0.974
CREBBP	NFKBIA	9606.ENSP00000262367	9606.ENSP00000216797	0	0	0	0	0	0.284	0.900	0.571	0.966
CREBBP	MAPK14	9606.ENSP00000262367	9606.ENSP00000229795	0	0	0	0	0	0.114	0.900	0.347	0.937
CREBBP	MDM2	9606.ENSP00000262367	9606.ENSP00000258149	0	0	0	0	0	0.866	0.900	0.856	0.997
CREBBP	SMAD2	9606.ENSP00000262367	9606.ENSP00000262160	0	0	0	0	0.049	0.887	0.900	0.830	0.997
CREBBP	MAPK3	9606.ENSP00000262367	9606.ENSP00000263025	0	0	0	0	0	0.526	0	0.394	0.701
CREBBP	E2F1	9606.ENSP00000262367	9606.ENSP00000345571	0	0	0	0	0.062	0.566	0	0.414	0.740
CREBBP	NFYA	9606.ENSP00000262367	9606.ENSP00000345702	0	0	0	0	0	0.316	0.600	0.150	0.747
CREBBP	TFAP2A	9606.ENSP00000262367	9606.ENSP00000368924	0	0	0	0	0.063	0.098	0.600	0.423	0.779
CREBBP	TBP	9606.ENSP00000262367	9606.ENSP00000375942	0	0	0	0	0.062	0.425	0	0.638	0.788
CREBBP	CDKN1A	9606.ENSP00000262367	9606.ENSP00000384849	0	0	0	0	0.049	0.693	0	0.495	0.840
CREBBP	FOS	9606.ENSP00000262367	9606.ENSP00000306245	0	0	0	0	0.049	0.711	0	0.601	0.881
CREBBP	ETS2	9606.ENSP00000262367	9606.ENSP00000353344	0	0	0	0	0	0.785	0	0.540	0.897
CREBBP	RB1	9606.ENSP00000262367	9606.ENSP00000267163	0	0	0	0	0.062	0.383	0.900	0.263	0.951
CREBBP	TNF	9606.ENSP00000262367	9606.ENSP00000398698	0	0	0	0	0	0	0.900	0.553	0.953
CREBBP	ETS1	9606.ENSP00000262367	9606.ENSP00000376436	0	0	0	0	0	0.859	0	0.728	0.960
CREBBP	SP1	9606.ENSP00000262367	9606.ENSP00000329357	0	0	0	0	0.085	0.735	0.800	0.522	0.973
CREBBP	PPARA	9606.ENSP00000262367	9606.ENSP00000385523	0	0	0	0	0	0.355	0.900	0.620	0.973
CREBBP	ARNT	9606.ENSP00000262367	9606.ENSP00000351407	0	0	0	0	0.090	0.392	0.900	0.600	0.974
CREBBP	CEBPA	9606.ENSP00000262367	9606.ENSP00000427514	0	0	0	0	0.053	0.279	0.900	0.725	0.978
CREBBP	FOXM1	9606.ENSP00000262367	9606.ENSP00000342307	0	0	0	0	0	0.519	0.900	0.646	0.981
CREBBP	HDAC2	9606.ENSP00000262367	9606.ENSP00000430432	0	0	0	0	0.071	0.580	0.900	0.660	0.984
CREBBP	HDAC1	9606.ENSP00000262367	9606.ENSP00000362649	0	0	0	0	0.130	0.580	0.900	0.693	0.987
CREBBP	SMARCA4	9606.ENSP00000262367	9606.ENSP00000395654	0	0	0	0	0.185	0.316	0.900	0.812	0.988
CREBBP	MYC	9606.ENSP00000262367	9606.ENSP00000479618	0	0	0	0	0.062	0.687	0.900	0.744	0.991
CREBBP	AR	9606.ENSP00000262367	9606.ENSP00000363822	0	0	0	0	0	0.788	0.900	0.636	0.991
CREBBP	SMAD4	9606.ENSP00000262367	9606.ENSP00000341551	0	0	0	0	0.069	0.498	0.900	0.853	0.992
CREBBP	STAT3	9606.ENSP00000262367	9606.ENSP00000264657	0	0	0	0	0.062	0.683	0.900	0.871	0.995
CREBBP	EP300	9606.ENSP00000262367	9606.ENSP00000263253	0	0	0	0.957	0.835	0.805	0.900	0.989	0.996
CREBBP	ESR1	9606.ENSP00000262367	9606.ENSP00000405330	0	0	0	0	0	0.878	0.900	0.871	0.998
CREBBP	JUN	9606.ENSP00000262367	9606.ENSP00000360266	0	0	0	0	0	0.887	0.900	0.876	0.998
CREBBP	HIF1A	9606.ENSP00000262367	9606.ENSP00000437955	0	0	0	0	0.053	0.993	0.900	0.992	0.999
CREBBP	PPARG	9606.ENSP00000262367	9606.ENSP00000287820	0	0	0	0	0	0.974	0.900	0.931	0.999
CREBBP	SMAD3	9606.ENSP00000262367	9606.ENSP00000332973	0	0	0	0	0.055	0.885	0.900	0.975	0.999
CREBBP	TP53	9606.ENSP00000262367	9606.ENSP00000269305	0	0	0	0	0	0.983	0.900	0.988	0.999
CREBBP	HTT	9606.ENSP00000262367	9606.ENSP00000347184	0	0	0	0	0.049	0.872	0.900	0.972	0.999
CREBBP	RELA	9606.ENSP00000262367	9606.ENSP00000384273	0	0	0	0	0.109	0.923	0.900	0.985	0.999
E2F1	MDM2	9606.ENSP00000345571	9606.ENSP00000258149	0	0	0	0	0	0.486	0.900	0.719	0.984
E2F1	CREBBP	9606.ENSP00000345571	9606.ENSP00000262367	0	0	0	0	0.062	0.566	0	0.414	0.740
E2F1	EP300	9606.ENSP00000345571	9606.ENSP00000263253	0	0	0	0	0.062	0.856	0	0.509	0.928
E2F1	STAT3	9606.ENSP00000345571	9606.ENSP00000264657	0	0	0	0	0.062	0	0.650	0.382	0.779
E2F1	RB1	9606.ENSP00000345571	9606.ENSP00000267163	0	0	0	0	0.145	0.998	0.900	0.989	0.999
E2F1	TP53	9606.ENSP00000345571	9606.ENSP00000269305	0	0	0	0	0	0.678	0	0.925	0.975
E2F1	SP1	9606.ENSP00000345571	9606.ENSP00000329357	0	0	0	0	0	0.785	0.600	0.730	0.974
E2F1	CEBPA	9606.ENSP00000345571	9606.ENSP00000427514	0	0	0	0	0	0.110	0.600	0.330	0.740
E2F1	ETS2	9606.ENSP00000345571	9606.ENSP00000353344	0	0	0	0	0	0.071	0.900	0.205	0.919
E2F1	ETS1	9606.ENSP00000345571	9606.ENSP00000376436	0	0	0	0	0	0.071	0.900	0.278	0.927
E2F1	MYC	9606.ENSP00000345571	9606.ENSP00000479618	0	0	0	0	0.088	0	0.900	0.707	0.971
E2F1	CDKN1A	9606.ENSP00000345571	9606.ENSP00000384849	0	0	0	0	0.052	0.273	0.900	0.672	0.974
E2F1	TBP	9606.ENSP00000345571	9606.ENSP00000375942	0	0	0	0	0	0.684	0.900	0.699	0.989
E2F1	HDAC1	9606.ENSP00000345571	9606.ENSP00000362649	0	0	0	0	0.112	0.773	0.900	0.670	0.992
EP300	MAPK1	9606.ENSP00000263253	9606.ENSP00000215832	0	0	0	0	0	0.526	0	0.421	0.713
EP300	NFKBIA	9606.ENSP00000263253	9606.ENSP00000216797	0	0	0	0	0	0.496	0.900	0.682	0.982
EP300	MAPK14	9606.ENSP00000263253	9606.ENSP00000229795	0	0	0	0	0	0.525	0.900	0.323	0.965
EP300	JUND	9606.ENSP00000263253	9606.ENSP00000252818	0	0	0	0	0	0.718	0.900	0.597	0.987
EP300	MDM2	9606.ENSP00000263253	9606.ENSP00000258149	0	0	0	0	0	0.874	0.900	0.989	0.999
EP300	SMAD2	9606.ENSP00000263253	9606.ENSP00000262160	0	0	0	0	0.049	0.786	0.900	0.972	0.999
EP300	CREBBP	9606.ENSP00000263253	9606.ENSP00000262367	0	0	0	0.957	0.835	0.805	0.900	0.989	0.996
EP300	MAPK3	9606.ENSP00000263253	9606.ENSP00000263025	0	0	0	0	0	0.114	0	0.690	0.714
EP300	ESR2	9606.ENSP00000263253	9606.ENSP00000343925	0	0	0	0	0	0.673	0	0.502	0.830
EP300	POU2F1	9606.ENSP00000263253	9606.ENSP00000356840	0	0	0	0	0.062	0.076	0.800	0.203	0.843
EP300	NFYA	9606.ENSP00000263253	9606.ENSP00000345702	0	0	0	0	0	0.518	0.600	0.344	0.862
EP300	SP3	9606.ENSP00000263253	9606.ENSP00000310301	0	0	0	0	0.062	0.876	0	0.283	0.910
EP300	ETS2	9606.ENSP00000263253	9606.ENSP00000353344	0	0	0	0	0	0.735	0	0.701	0.917
EP300	E2F1	9606.ENSP00000263253	9606.ENSP00000345571	0	0	0	0	0.062	0.856	0	0.509	0.928
EP300	TFAP2A	9606.ENSP00000263253	9606.ENSP00000368924	0	0	0	0	0.063	0.516	0.600	0.707	0.939
EP300	MAPK8	9606.ENSP00000263253	9606.ENSP00000378974	0	0	0	0	0.062	0.270	0.900	0.343	0.949
EP300	FOXM1	9606.ENSP00000263253	9606.ENSP00000342307	0	0	0	0	0	0.317	0.900	0.473	0.960
EP300	TNF	9606.ENSP00000263253	9606.ENSP00000398698	0	0	0	0	0	0.270	0.900	0.583	0.967
EP300	FOSL1	9606.ENSP00000263253	9606.ENSP00000310170	0	0	0	0	0.049	0.495	0.900	0.480	0.971
EP300	SMARCA4	9606.ENSP00000263253	9606.ENSP00000395654	0	0	0	0	0.095	0.171	0	0.971	0.977
EP300	JUNB	9606.ENSP00000263253	9606.ENSP00000303315	0	0	0	0	0	0.718	0.900	0.329	0.979
EP300	ETS1	9606.ENSP00000263253	9606.ENSP00000376436	0	0	0	0	0	0.510	0	0.974	0.987
EP300	TBP	9606.ENSP00000263253	9606.ENSP00000375942	0	0	0	0	0.062	0.425	0.600	0.957	0.989
EP300	RB1	9606.ENSP00000263253	9606.ENSP00000267163	0	0	0	0	0.062	0.713	0.900	0.685	0.990
EP300	CDKN1A	9606.ENSP00000263253	9606.ENSP00000384849	0	0	0	0	0.049	0.846	0.900	0.632	0.993
EP300	CEBPA	9606.ENSP00000263253	9606.ENSP00000427514	0	0	0	0	0.062	0.302	0.900	0.905	0.993
EP300	HDAC2	9606.ENSP00000263253	9606.ENSP00000430432	0	0	0	0	0.064	0.289	0.900	0.955	0.996
EP300	AR	9606.ENSP00000263253	9606.ENSP00000363822	0	0	0	0	0	0.881	0.900	0.793	0.997
EP300	FOS	9606.ENSP00000263253	9606.ENSP00000306245	0	0	0	0	0.049	0.849	0.900	0.895	0.998
EP300	ARNT	9606.ENSP00000263253	9606.ENSP00000351407	0	0	0	0	0.063	0.594	0.900	0.968	0.998
EP300	PPARA	9606.ENSP00000263253	9606.ENSP00000385523	0	0	0	0	0	0.700	0.900	0.943	0.998
EP300	HDAC1	9606.ENSP00000263253	9606.ENSP00000362649	0	0	0	0	0.064	0.900	0.900	0.983	0.999
EP300	TP53	9606.ENSP00000263253	9606.ENSP00000269305	0	0	0	0	0	0.998	0.900	0.989	0.999
EP300	RELA	9606.ENSP00000263253	9606.ENSP00000384273	0	0	0	0	0	0.922	0.900	0.988	0.999
EP300	JUN	9606.ENSP00000263253	9606.ENSP00000360266	0	0	0	0	0	0.910	0.900	0.922	0.999
EP300	SMAD3	9606.ENSP00000263253	9606.ENSP00000332973	0	0	0	0	0.049	0.944	0.900	0.989	0.999
EP300	PPARG	9606.ENSP00000263253	9606.ENSP00000287820	0	0	0	0	0	0.878	0.900	0.973	0.999
EP300	ESR1	9606.ENSP00000263253	9606.ENSP00000405330	0	0	0	0	0	0.929	0.900	0.988	0.999
EP300	MYC	9606.ENSP00000263253	9606.ENSP00000479618	0	0	0	0	0.062	0.780	0.900	0.987	0.999
EP300	SMAD4	9606.ENSP00000263253	9606.ENSP00000341551	0	0	0	0	0.062	0.882	0.900	0.987	0.999
EP300	STAT3	9606.ENSP00000263253	9606.ENSP00000264657	0	0	0	0	0.062	0.872	0.900	0.989	0.999
EP300	SP1	9606.ENSP00000263253	9606.ENSP00000329357	0	0	0	0	0.125	0.916	0.900	0.974	0.999
EP300	HIF1A	9606.ENSP00000263253	9606.ENSP00000437955	0	0	0	0	0.053	0.998	0.900	0.993	0.999
ESR1	MAPK1	9606.ENSP00000405330	9606.ENSP00000215832	0	0	0	0	0	0.699	0.900	0.532	0.984
ESR1	MAPK14	9606.ENSP00000405330	9606.ENSP00000229795	0	0	0	0	0	0.264	0.900	0.458	0.956
ESR1	JUND	9606.ENSP00000405330	9606.ENSP00000252818	0	0	0	0	0	0.233	0.600	0.356	0.785
ESR1	MDM2	9606.ENSP00000405330	9606.ENSP00000258149	0	0	0	0	0	0.757	0	0.810	0.952
ESR1	SMAD2	9606.ENSP00000405330	9606.ENSP00000262160	0	0	0	0	0	0.501	0	0.812	0.903
ESR1	CREBBP	9606.ENSP00000405330	9606.ENSP00000262367	0	0	0	0	0	0.878	0.900	0.871	0.998
ESR1	MAPK3	9606.ENSP00000405330	9606.ENSP00000263025	0	0	0	0	0	0.264	0.900	0.683	0.974
ESR1	EP300	9606.ENSP00000405330	9606.ENSP00000263253	0	0	0	0	0	0.929	0.900	0.988	0.999
ESR1	STAT3	9606.ENSP00000405330	9606.ENSP00000264657	0	0	0	0	0	0.507	0	0.976	0.988
ESR1	RB1	9606.ENSP00000405330	9606.ENSP00000267163	0	0	0	0	0	0.077	0	0.782	0.790
ESR1	TP53	9606.ENSP00000405330	9606.ENSP00000269305	0	0	0	0	0	0.835	0	0.968	0.994
ESR1	FOS	9606.ENSP00000405330	9606.ENSP00000306245	0	0	0	0	0	0.422	0.900	0.983	0.998
ESR1	TERT	9606.ENSP00000405330	9606.ENSP00000309572	0	0	0	0	0	0	0.900	0.518	0.949
ESR1	SP3	9606.ENSP00000405330	9606.ENSP00000310301	0	0	0	0	0	0.503	0	0.665	0.827
ESR1	SP1	9606.ENSP00000405330	9606.ENSP00000329357	0	0	0	0	0.062	0.900	0.800	0.988	0.999
ESR1	SMAD3	9606.ENSP00000405330	9606.ENSP00000332973	0	0	0	0	0	0.477	0.900	0.612	0.978
ESR1	MAPK11	9606.ENSP00000405330	9606.ENSP00000333685	0	0	0	0	0	0.104	0.900	0.216	0.923
ESR1	SMAD4	9606.ENSP00000405330	9606.ENSP00000341551	0	0	0	0	0	0.235	0.900	0.958	0.996
ESR1	FOXM1	9606.ENSP00000405330	9606.ENSP00000342307	0	0	0	0	0	0.285	0	0.674	0.757
ESR1	ESR2	9606.ENSP00000405330	9606.ENSP00000343925	0	0	0	0.925	0	0.873	0.900	0.991	0.987
ESR1	ARNT	9606.ENSP00000405330	9606.ENSP00000351407	0	0	0	0	0.062	0.578	0	0.811	0.918
ESR1	POU2F1	9606.ENSP00000405330	9606.ENSP00000356840	0	0	0	0	0	0.298	0.600	0.260	0.774
ESR1	JUN	9606.ENSP00000405330	9606.ENSP00000360266	0	0	0	0	0	0.684	0.900	0.988	0.999
ESR1	CDK9	9606.ENSP00000405330	9606.ENSP00000362361	0	0	0	0	0	0	0.600	0.474	0.780
ESR1	HDAC1	9606.ENSP00000405330	9606.ENSP00000362649	0	0	0	0	0	0.876	0.900	0.987	0.999
ESR1	TFAP2A	9606.ENSP00000405330	9606.ENSP00000368924	0	0	0	0	0	0.296	0.900	0.388	0.953
ESR1	TBP	9606.ENSP00000405330	9606.ENSP00000375942	0	0	0	0	0	0.496	0.720	0.914	0.986
ESR1	ETS1	9606.ENSP00000405330	9606.ENSP00000376436	0	0	0	0	0	0.062	0	0.727	0.733
ESR1	MAPK8	9606.ENSP00000405330	9606.ENSP00000378974	0	0	0	0	0	0	0.800	0.456	0.886
ESR1	RELA	9606.ENSP00000405330	9606.ENSP00000384273	0	0	0	0	0	0.757	0	0.730	0.931
ESR1	CDKN1A	9606.ENSP00000405330	9606.ENSP00000384849	0	0	0	0	0	0.675	0	0.597	0.863
ESR1	SMARCA4	9606.ENSP00000405330	9606.ENSP00000395654	0	0	0	0	0	0.519	0	0.700	0.849
ESR1	HDAC2	9606.ENSP00000405330	9606.ENSP00000430432	0	0	0	0	0	0.389	0	0.633	0.766
ESR1	CEBPA	9606.ENSP00000405330	9606.ENSP00000427514	0	0	0	0	0.062	0.291	0	0.841	0.885
ESR1	HIF1A	9606.ENSP00000405330	9606.ENSP00000437955	0	0	0	0	0	0.587	0	0.835	0.929
ESR1	MYC	9606.ENSP00000405330	9606.ENSP00000479618	0	0	0	0	0	0.644	0.600	0.825	0.973
ESR2	MAPK1	9606.ENSP00000343925	9606.ENSP00000215832	0	0	0	0	0	0.317	0.800	0.304	0.896
ESR2	MAPK14	9606.ENSP00000343925	9606.ENSP00000229795	0	0	0	0	0.062	0.104	0.800	0.244	0.855
ESR2	MAPK3	9606.ENSP00000343925	9606.ENSP00000263025	0	0	0	0	0	0.104	0.800	0.570	0.916
ESR2	EP300	9606.ENSP00000343925	9606.ENSP00000263253	0	0	0	0	0	0.673	0	0.502	0.830
ESR2	TP53	9606.ENSP00000343925	9606.ENSP00000269305	0	0	0	0	0	0	0	0.881	0.881
ESR2	FOS	9606.ENSP00000343925	9606.ENSP00000306245	0	0	0	0	0	0.182	0.800	0.836	0.970
ESR2	SP1	9606.ENSP00000343925	9606.ENSP00000329357	0	0	0	0	0	0.504	0.800	0.961	0.995
ESR2	MAPK11	9606.ENSP00000343925	9606.ENSP00000333685	0	0	0	0	0.062	0.264	0.900	0.188	0.936
ESR2	MAPK8	9606.ENSP00000343925	9606.ENSP00000378974	0	0	0	0	0.062	0	0.800	0.232	0.843
ESR2	SMARCA4	9606.ENSP00000343925	9606.ENSP00000395654	0	0	0	0	0	0.078	0.900	0.134	0.913
ESR2	JUN	9606.ENSP00000343925	9606.ENSP00000360266	0	0	0	0	0	0.066	0.800	0.795	0.958
ESR2	ESR1	9606.ENSP00000343925	9606.ENSP00000405330	0	0	0	0.925	0	0.873	0.900	0.991	0.987
ETS1	MAPK1	9606.ENSP00000376436	9606.ENSP00000215832	0	0	0	0	0	0.707	0.900	0.950	0.998
ETS1	MAPK14	9606.ENSP00000376436	9606.ENSP00000229795	0	0	0	0	0	0.323	0.900	0.244	0.944
ETS1	CREBBP	9606.ENSP00000376436	9606.ENSP00000262367	0	0	0	0	0	0.859	0	0.728	0.960
ETS1	MAPK3	9606.ENSP00000376436	9606.ENSP00000263025	0	0	0	0	0	0.294	0.900	0.482	0.960
ETS1	EP300	9606.ENSP00000376436	9606.ENSP00000263253	0	0	0	0	0	0.510	0	0.974	0.987
ETS1	TP53	9606.ENSP00000376436	9606.ENSP00000269305	0	0	0	0	0	0.675	0	0.933	0.977
ETS1	FOS	9606.ENSP00000376436	9606.ENSP00000306245	0	0	0	0	0.062	0.213	0.900	0.711	0.975
ETS1	SP1	9606.ENSP00000376436	9606.ENSP00000329357	0	0	0	0	0.062	0.470	0.900	0.558	0.975
ETS1	SMAD3	9606.ENSP00000376436	9606.ENSP00000332973	0	0	0	0	0.062	0.607	0	0.677	0.871
ETS1	E2F1	9606.ENSP00000376436	9606.ENSP00000345571	0	0	0	0	0	0.071	0.900	0.278	0.927
ETS1	ETS2	9606.ENSP00000376436	9606.ENSP00000353344	0	0	0	0.934	0	0.270	0.900	0.911	0.928
ETS1	JUN	9606.ENSP00000376436	9606.ENSP00000360266	0	0	0	0	0.062	0.526	0.900	0.747	0.987
ETS1	AR	9606.ENSP00000376436	9606.ENSP00000363822	0	0	0	0	0	0.468	0	0.737	0.854
ETS1	HIF1A	9606.ENSP00000376436	9606.ENSP00000437955	0	0	0	0	0.062	0	0	0.695	0.702
ETS1	ESR1	9606.ENSP00000376436	9606.ENSP00000405330	0	0	0	0	0	0.062	0	0.727	0.733
ETS1	CEBPA	9606.ENSP00000376436	9606.ENSP00000427514	0	0	0	0	0.062	0.058	0.900	0.840	0.984
ETS2	MAPK1	9606.ENSP00000353344	9606.ENSP00000215832	0	0	0	0	0	0.140	0.900	0.319	0.936
ETS2	MAPK14	9606.ENSP00000353344	9606.ENSP00000229795	0	0	0	0	0.062	0.111	0.900	0.132	0.917
ETS2	CREBBP	9606.ENSP00000353344	9606.ENSP00000262367	0	0	0	0	0	0.785	0	0.540	0.897
ETS2	MAPK3	9606.ENSP00000353344	9606.ENSP00000263025	0	0	0	0	0	0.140	0.900	0.315	0.936
ETS2	EP300	9606.ENSP00000353344	9606.ENSP00000263253	0	0	0	0	0	0.735	0	0.701	0.917
ETS2	TP53	9606.ENSP00000353344	9606.ENSP00000269305	0	0	0	0	0	0.675	0	0.983	0.994
ETS2	FOS	9606.ENSP00000353344	9606.ENSP00000306245	0	0	0	0	0.063	0.270	0.900	0.693	0.976
ETS2	SP1	9606.ENSP00000353344	9606.ENSP00000329357	0	0	0	0	0.053	0.057	0.900	0.296	0.928
ETS2	E2F1	9606.ENSP00000353344	9606.ENSP00000345571	0	0	0	0	0	0.071	0.900	0.205	0.919
ETS2	SMARCA4	9606.ENSP00000353344	9606.ENSP00000395654	0	0	0	0	0	0.302	0	0.701	0.782
ETS2	ETS1	9606.ENSP00000353344	9606.ENSP00000376436	0	0	0	0.934	0	0.270	0.900	0.911	0.928
ETS2	CEBPA	9606.ENSP00000353344	9606.ENSP00000427514	0	0	0	0	0.096	0.058	0.900	0.710	0.972
ETS2	JUN	9606.ENSP00000353344	9606.ENSP00000360266	0	0	0	0	0.076	0.518	0.900	0.637	0.981
FOS	MAPK1	9606.ENSP00000306245	9606.ENSP00000215832	0	0	0	0	0	0.578	0.900	0.830	0.992
FOS	MAPK14	9606.ENSP00000306245	9606.ENSP00000229795	0	0	0	0	0	0.248	0.900	0.592	0.966
FOS	JUND	9606.ENSP00000306245	9606.ENSP00000252818	0	0	0	0	0.094	0.899	0.900	0.989	0.999
FOS	CREBBP	9606.ENSP00000306245	9606.ENSP00000262367	0	0	0	0	0.049	0.711	0	0.601	0.881
FOS	MAPK3	9606.ENSP00000306245	9606.ENSP00000263025	0	0	0	0	0	0.427	0.900	0.737	0.983
FOS	EP300	9606.ENSP00000306245	9606.ENSP00000263253	0	0	0	0	0.049	0.849	0.900	0.895	0.998
FOS	STAT3	9606.ENSP00000306245	9606.ENSP00000264657	0	0	0	0	0	0.416	0.900	0.977	0.998
FOS	RB1	9606.ENSP00000306245	9606.ENSP00000267163	0	0	0	0	0	0.578	0	0.341	0.710
FOS	TP53	9606.ENSP00000306245	9606.ENSP00000269305	0	0	0	0	0	0	0.600	0.717	0.882
FOS	PPARG	9606.ENSP00000306245	9606.ENSP00000287820	0	0	0	0	0	0.082	0.900	0.605	0.960
FOS	JUNB	9606.ENSP00000306245	9606.ENSP00000303315	0	0	0	0	0.826	0.899	0.900	0.986	0.999
FOS	HDAC1	9606.ENSP00000306245	9606.ENSP00000362649	0	0	0	0	0.049	0.372	0	0.675	0.789
FOS	TBP	9606.ENSP00000306245	9606.ENSP00000375942	0	0	0	0	0	0.682	0	0.465	0.822
FOS	MAPK11	9606.ENSP00000306245	9606.ENSP00000333685	0	0	0	0	0	0.248	0.800	0.414	0.904
FOS	FOSL1	9606.ENSP00000306245	9606.ENSP00000310170	0	0	0	0.871	0.062	0	0.900	0.983	0.914
FOS	SP1	9606.ENSP00000306245	9606.ENSP00000329357	0	0	0	0	0	0.062	0.900	0.501	0.949
FOS	SMAD4	9606.ENSP00000306245	9606.ENSP00000341551	0	0	0	0	0	0.062	0.900	0.578	0.957
FOS	TNF	9606.ENSP00000306245	9606.ENSP00000398698	0	0	0	0	0	0	0.900	0.711	0.969
FOS	ESR2	9606.ENSP00000306245	9606.ENSP00000343925	0	0	0	0	0	0.182	0.800	0.836	0.970
FOS	HIF1A	9606.ENSP00000306245	9606.ENSP00000437955	0	0	0	0	0	0.405	0.900	0.558	0.971
FOS	MAPK8	9606.ENSP00000306245	9606.ENSP00000378974	0	0	0	0	0	0.243	0.900	0.697	0.975
FOS	ETS1	9606.ENSP00000306245	9606.ENSP00000376436	0	0	0	0	0.062	0.213	0.900	0.711	0.975
FOS	ETS2	9606.ENSP00000306245	9606.ENSP00000353344	0	0	0	0	0.063	0.270	0.900	0.693	0.976
FOS	RELA	9606.ENSP00000306245	9606.ENSP00000384273	0	0	0	0	0	0.659	0.900	0.640	0.986
FOS	MYC	9606.ENSP00000306245	9606.ENSP00000479618	0	0	0	0	0.065	0.129	0.900	0.861	0.987
FOS	SMAD3	9606.ENSP00000306245	9606.ENSP00000332973	0	0	0	0	0	0.497	0.900	0.826	0.990
FOS	CEBPA	9606.ENSP00000306245	9606.ENSP00000427514	0	0	0	0	0.112	0.299	0.900	0.880	0.991
FOS	ESR1	9606.ENSP00000306245	9606.ENSP00000405330	0	0	0	0	0	0.422	0.900	0.983	0.998
FOS	JUN	9606.ENSP00000306245	9606.ENSP00000360266	0	0	0	0	0.656	0.985	0.900	0.996	0.999
FOSL1	MAPK14	9606.ENSP00000310170	9606.ENSP00000229795	0	0	0	0	0	0.248	0.600	0.263	0.759
FOSL1	JUND	9606.ENSP00000310170	9606.ENSP00000252818	0	0	0	0	0.065	0.600	0.900	0.982	0.999
FOSL1	SMAD2	9606.ENSP00000310170	9606.ENSP00000262160	0	0	0	0	0	0.062	0	0.769	0.774
FOSL1	EP300	9606.ENSP00000310170	9606.ENSP00000263253	0	0	0	0	0.049	0.495	0.900	0.480	0.971
FOSL1	JUNB	9606.ENSP00000310170	9606.ENSP00000303315	0	0	0	0	0.088	0.843	0.900	0.949	0.999
FOSL1	FOS	9606.ENSP00000310170	9606.ENSP00000306245	0	0	0	0.871	0.062	0	0.900	0.983	0.914
FOSL1	MAPK11	9606.ENSP00000310170	9606.ENSP00000333685	0	0	0	0	0	0.248	0.600	0.184	0.733
FOSL1	MAPK8	9606.ENSP00000310170	9606.ENSP00000378974	0	0	0	0	0	0.243	0.600	0.430	0.812
FOSL1	SP1	9606.ENSP00000310170	9606.ENSP00000329357	0	0	0	0	0	0.062	0.900	0.261	0.924
FOSL1	JUN	9606.ENSP00000310170	9606.ENSP00000360266	0	0	0	0	0.065	0.901	0.900	0.989	0.999
FOXM1	CREBBP	9606.ENSP00000342307	9606.ENSP00000262367	0	0	0	0	0	0.519	0.900	0.646	0.981
FOXM1	EP300	9606.ENSP00000342307	9606.ENSP00000263253	0	0	0	0	0	0.317	0.900	0.473	0.960
FOXM1	STAT3	9606.ENSP00000342307	9606.ENSP00000264657	0	0	0	0	0	0.246	0	0.960	0.968
FOXM1	RB1	9606.ENSP00000342307	9606.ENSP00000267163	0	0	0	0	0	0.283	0.900	0.348	0.949
FOXM1	SP1	9606.ENSP00000342307	9606.ENSP00000329357	0	0	0	0	0.062	0.298	0.900	0.664	0.974
FOXM1	SMAD3	9606.ENSP00000342307	9606.ENSP00000332973	0	0	0	0	0.062	0.319	0	0.834	0.885
FOXM1	ESR1	9606.ENSP00000342307	9606.ENSP00000405330	0	0	0	0	0	0.285	0	0.674	0.757
FOXM1	MYC	9606.ENSP00000342307	9606.ENSP00000479618	0	0	0	0	0.088	0.326	0	0.739	0.826
HDAC1	NFKBIA	9606.ENSP00000362649	9606.ENSP00000216797	0	0	0	0	0.062	0.499	0.900	0.825	0.990
HDAC1	MDM2	9606.ENSP00000362649	9606.ENSP00000258149	0	0	0	0	0	0.675	0	0.979	0.993
HDAC1	SMAD2	9606.ENSP00000362649	9606.ENSP00000262160	0	0	0	0	0.062	0.837	0.900	0.579	0.992
HDAC1	CREBBP	9606.ENSP00000362649	9606.ENSP00000262367	0	0	0	0	0.130	0.580	0.900	0.693	0.987
HDAC1	EP300	9606.ENSP00000362649	9606.ENSP00000263253	0	0	0	0	0.064	0.900	0.900	0.983	0.999
HDAC1	STAT3	9606.ENSP00000362649	9606.ENSP00000264657	0	0	0	0	0.048	0.845	0	0.935	0.989
HDAC1	RB1	9606.ENSP00000362649	9606.ENSP00000267163	0	0	0	0	0.064	0.923	0.900	0.961	0.999
HDAC1	TP53	9606.ENSP00000362649	9606.ENSP00000269305	0	0	0	0	0.062	0.927	0.900	0.989	0.999
HDAC1	PPARG	9606.ENSP00000362649	9606.ENSP00000287820	0	0	0	0	0	0.505	0.650	0.622	0.929
HDAC1	FOS	9606.ENSP00000362649	9606.ENSP00000306245	0	0	0	0	0.049	0.372	0	0.675	0.789
HDAC1	TERT	9606.ENSP00000362649	9606.ENSP00000309572	0	0	0	0	0.066	0	0.900	0.437	0.942
HDAC1	SP3	9606.ENSP00000362649	9606.ENSP00000310301	0	0	0	0	0.075	0.883	0	0.451	0.936
HDAC1	SP1	9606.ENSP00000362649	9606.ENSP00000329357	0	0	0	0	0.069	0.920	0.900	0.987	0.999
HDAC1	SMAD3	9606.ENSP00000362649	9606.ENSP00000332973	0	0	0	0	0.065	0.507	0.900	0.817	0.990
HDAC1	SMAD4	9606.ENSP00000362649	9606.ENSP00000341551	0	0	0	0	0.065	0.501	0.900	0.909	0.995
HDAC1	E2F1	9606.ENSP00000362649	9606.ENSP00000345571	0	0	0	0	0.112	0.773	0.900	0.670	0.992
HDAC1	JUN	9606.ENSP00000362649	9606.ENSP00000360266	0	0	0	0	0	0.476	0.650	0.791	0.958
HDAC1	CDKN1A	9606.ENSP00000362649	9606.ENSP00000384849	0	0	0	0	0	0.731	0	0.633	0.897
HDAC1	AR	9606.ENSP00000362649	9606.ENSP00000363822	0	0	0	0	0	0.762	0	0.833	0.958
HDAC1	TBP	9606.ENSP00000362649	9606.ENSP00000375942	0.049	0	0	0	0.063	0.270	0.900	0.554	0.965
HDAC1	MYC	9606.ENSP00000362649	9606.ENSP00000479618	0	0	0	0	0.077	0.772	0	0.960	0.991
HDAC1	HIF1A	9606.ENSP00000362649	9606.ENSP00000437955	0	0	0	0	0.050	0.759	0	0.978	0.994
HDAC1	CEBPA	9606.ENSP00000362649	9606.ENSP00000427514	0	0	0	0	0	0.715	0	0.981	0.994
HDAC1	RELA	9606.ENSP00000362649	9606.ENSP00000384273	0	0	0	0	0.107	0.894	0	0.984	0.998
HDAC1	ESR1	9606.ENSP00000362649	9606.ENSP00000405330	0	0	0	0	0	0.876	0.900	0.987	0.999
HDAC1	SMARCA4	9606.ENSP00000362649	9606.ENSP00000395654	0	0	0	0	0.305	0.879	0.650	0.977	0.999
HDAC1	HDAC2	9606.ENSP00000362649	9606.ENSP00000430432	0	0	0.449	0.983	0.111	0.992	0.900	0.990	0.999
HDAC2	SMAD2	9606.ENSP00000430432	9606.ENSP00000262160	0	0	0	0	0.063	0.130	0.900	0.440	0.948
HDAC2	CREBBP	9606.ENSP00000430432	9606.ENSP00000262367	0	0	0	0	0.071	0.580	0.900	0.660	0.984
HDAC2	EP300	9606.ENSP00000430432	9606.ENSP00000263253	0	0	0	0	0.064	0.289	0.900	0.955	0.996
HDAC2	STAT3	9606.ENSP00000430432	9606.ENSP00000264657	0	0	0	0	0.048	0.655	0	0.611	0.861
HDAC2	RB1	9606.ENSP00000430432	9606.ENSP00000267163	0	0	0	0	0.064	0.782	0.800	0.345	0.969
HDAC2	TP53	9606.ENSP00000430432	9606.ENSP00000269305	0	0	0	0	0.049	0.872	0.900	0.948	0.999
HDAC2	PPARG	9606.ENSP00000430432	9606.ENSP00000287820	0	0	0	0	0	0.078	0.650	0.399	0.789
HDAC2	SP3	9606.ENSP00000430432	9606.ENSP00000310301	0	0	0	0	0.147	0.700	0.900	0.384	0.982
HDAC2	SP1	9606.ENSP00000430432	9606.ENSP00000329357	0	0	0	0	0.045	0.889	0.900	0.525	0.994
HDAC2	SMAD3	9606.ENSP00000430432	9606.ENSP00000332973	0	0	0	0	0.062	0.056	0.900	0.490	0.948
HDAC2	SMAD4	9606.ENSP00000430432	9606.ENSP00000341551	0	0	0	0	0.097	0.098	0.900	0.315	0.936
HDAC2	JUN	9606.ENSP00000430432	9606.ENSP00000360266	0	0	0	0	0	0.273	0.650	0.519	0.867
HDAC2	HDAC1	9606.ENSP00000430432	9606.ENSP00000362649	0	0	0.449	0.983	0.111	0.992	0.900	0.990	0.999
HDAC2	AR	9606.ENSP00000430432	9606.ENSP00000363822	0	0	0	0	0	0.298	0	0.602	0.709
HDAC2	TBP	9606.ENSP00000430432	9606.ENSP00000375942	0.049	0	0	0	0.063	0	0.900	0.492	0.948
HDAC2	RELA	9606.ENSP00000430432	9606.ENSP00000384273	0	0	0	0	0.045	0.883	0.900	0.937	0.999
HDAC2	SMARCA4	9606.ENSP00000430432	9606.ENSP00000395654	0	0	0	0	0.176	0.887	0.800	0.868	0.997
HDAC2	ESR1	9606.ENSP00000430432	9606.ENSP00000405330	0	0	0	0	0	0.389	0	0.633	0.766
HDAC2	MYC	9606.ENSP00000430432	9606.ENSP00000479618	0	0	0	0	0	0.462	0	0.570	0.759
HDAC2	HIF1A	9606.ENSP00000430432	9606.ENSP00000437955	0	0	0	0	0.062	0.641	0	0.458	0.802
HIF1A	MAPK1	9606.ENSP00000437955	9606.ENSP00000215832	0	0	0	0	0	0.675	0.800	0.591	0.971
HIF1A	MDM2	9606.ENSP00000437955	9606.ENSP00000258149	0	0	0	0	0.062	0.873	0.900	0.984	0.999
HIF1A	CREBBP	9606.ENSP00000437955	9606.ENSP00000262367	0	0	0	0	0.053	0.993	0.900	0.992	0.999
HIF1A	MAPK3	9606.ENSP00000437955	9606.ENSP00000263025	0	0	0	0	0	0.213	0.800	0.729	0.953
HIF1A	EP300	9606.ENSP00000437955	9606.ENSP00000263253	0	0	0	0	0.053	0.998	0.900	0.993	0.999
HIF1A	STAT3	9606.ENSP00000437955	9606.ENSP00000264657	0	0	0	0	0.062	0.839	0.900	0.968	0.999
HIF1A	TP53	9606.ENSP00000437955	9606.ENSP00000269305	0	0	0	0	0	0.870	0.900	0.989	0.999
HIF1A	PPARG	9606.ENSP00000437955	9606.ENSP00000287820	0	0	0	0	0.062	0.108	0	0.736	0.760
HIF1A	JUNB	9606.ENSP00000437955	9606.ENSP00000303315	0	0	0	0	0.053	0	0.900	0.272	0.925
HIF1A	FOS	9606.ENSP00000437955	9606.ENSP00000306245	0	0	0	0	0	0.405	0.900	0.558	0.971
HIF1A	SP1	9606.ENSP00000437955	9606.ENSP00000329357	0	0	0	0	0	0.819	0.900	0.746	0.995
HIF1A	SMAD3	9606.ENSP00000437955	9606.ENSP00000332973	0	0	0	0	0	0.772	0.900	0.977	0.999
HIF1A	SMAD4	9606.ENSP00000437955	9606.ENSP00000341551	0	0	0	0	0	0.056	0.900	0.738	0.973
HIF1A	ARNT	9606.ENSP00000437955	9606.ENSP00000351407	0	0	0	0.583	0.062	0.999	0.900	0.994	0.999
HIF1A	POU2F1	9606.ENSP00000437955	9606.ENSP00000356840	0	0	0	0	0	0.158	0.900	0.129	0.920
HIF1A	JUN	9606.ENSP00000437955	9606.ENSP00000360266	0	0	0	0	0	0.676	0.900	0.901	0.996
HIF1A	HDAC1	9606.ENSP00000437955	9606.ENSP00000362649	0	0	0	0	0.050	0.759	0	0.978	0.994
HIF1A	AR	9606.ENSP00000437955	9606.ENSP00000363822	0	0	0	0	0	0.521	0	0.722	0.861
HIF1A	ETS1	9606.ENSP00000437955	9606.ENSP00000376436	0	0	0	0	0.062	0	0	0.695	0.702
HIF1A	RELA	9606.ENSP00000437955	9606.ENSP00000384273	0	0	0	0	0	0.270	0	0.890	0.916
HIF1A	CDKN1A	9606.ENSP00000437955	9606.ENSP00000384849	0	0	0	0	0	0	0.900	0.522	0.950
HIF1A	SMARCA4	9606.ENSP00000437955	9606.ENSP00000395654	0	0	0	0	0	0.273	0	0.669	0.749
HIF1A	TNF	9606.ENSP00000437955	9606.ENSP00000398698	0	0	0	0	0	0	0	0.707	0.707
HIF1A	ESR1	9606.ENSP00000437955	9606.ENSP00000405330	0	0	0	0	0	0.587	0	0.835	0.929
HIF1A	CEBPA	9606.ENSP00000437955	9606.ENSP00000427514	0	0	0	0	0	0.494	0	0.501	0.737
HIF1A	HDAC2	9606.ENSP00000437955	9606.ENSP00000430432	0	0	0	0	0.062	0.641	0	0.458	0.802
HIF1A	MYC	9606.ENSP00000437955	9606.ENSP00000479618	0	0	0	0	0	0.475	0.900	0.965	0.998
HTT	CREBBP	9606.ENSP00000347184	9606.ENSP00000262367	0	0	0	0	0.049	0.872	0.900	0.972	0.999
HTT	TP53	9606.ENSP00000347184	9606.ENSP00000269305	0	0	0	0	0	0.270	0.800	0.982	0.997
HTT	PPARG	9606.ENSP00000347184	9606.ENSP00000287820	0	0	0	0	0	0.274	0	0.767	0.823
HTT	SP1	9606.ENSP00000347184	9606.ENSP00000329357	0	0	0	0	0.062	0.680	0	0.978	0.993
HTT	TBP	9606.ENSP00000347184	9606.ENSP00000375942	0	0	0	0	0	0.203	0	0.662	0.719
HTT	MAPK8	9606.ENSP00000347184	9606.ENSP00000378974	0	0	0	0	0	0	0.800	0.287	0.851
JUN	MAPK1	9606.ENSP00000360266	9606.ENSP00000215832	0	0	0	0	0	0.867	0.900	0.707	0.995
JUN	NFKBIA	9606.ENSP00000360266	9606.ENSP00000216797	0	0	0	0	0.125	0	0.900	0.805	0.981
JUN	MAPK14	9606.ENSP00000360266	9606.ENSP00000229795	0	0	0	0	0	0.400	0.900	0.838	0.989
JUN	JUND	9606.ENSP00000360266	9606.ENSP00000252818	0	0	0	0.927	0.150	0.149	0.900	0.989	0.927
JUN	SMAD2	9606.ENSP00000360266	9606.ENSP00000262160	0	0	0	0	0	0.688	0	0.757	0.921
JUN	CREBBP	9606.ENSP00000360266	9606.ENSP00000262367	0	0	0	0	0	0.887	0.900	0.876	0.998
JUN	MAPK3	9606.ENSP00000360266	9606.ENSP00000263025	0	0	0	0	0	0.500	0.900	0.852	0.991
JUN	EP300	9606.ENSP00000360266	9606.ENSP00000263253	0	0	0	0	0	0.910	0.900	0.922	0.999
JUN	STAT3	9606.ENSP00000360266	9606.ENSP00000264657	0	0	0	0	0.056	0.343	0	0.988	0.993
JUN	RB1	9606.ENSP00000360266	9606.ENSP00000267163	0	0	0	0	0	0.486	0.900	0.421	0.967
JUN	TP53	9606.ENSP00000360266	9606.ENSP00000269305	0	0	0	0	0	0.149	0.600	0.838	0.940
JUN	PPARG	9606.ENSP00000360266	9606.ENSP00000287820	0	0	0	0	0	0.066	0.900	0.842	0.984
JUN	JUNB	9606.ENSP00000360266	9606.ENSP00000303315	0	0	0	0.901	0.335	0.639	0.900	0.988	0.976
JUN	FOS	9606.ENSP00000360266	9606.ENSP00000306245	0	0	0	0	0.656	0.985	0.900	0.996	0.999
JUN	FOSL1	9606.ENSP00000360266	9606.ENSP00000310170	0	0	0	0	0.065	0.901	0.900	0.989	0.999
JUN	SP1	9606.ENSP00000360266	9606.ENSP00000329357	0	0	0	0	0	0.855	0.900	0.929	0.998
JUN	SMAD3	9606.ENSP00000360266	9606.ENSP00000332973	0	0	0	0	0	0.757	0.900	0.985	0.999
JUN	MAPK11	9606.ENSP00000360266	9606.ENSP00000333685	0	0	0	0	0.065	0.354	0.800	0.654	0.952
JUN	SMAD4	9606.ENSP00000360266	9606.ENSP00000341551	0	0	0	0	0	0.420	0.900	0.983	0.998
JUN	ESR2	9606.ENSP00000360266	9606.ENSP00000343925	0	0	0	0	0	0.066	0.800	0.795	0.958
JUN	NFYA	9606.ENSP00000360266	9606.ENSP00000345702	0	0	0	0	0	0.486	0	0.488	0.726
JUN	ARNT	9606.ENSP00000360266	9606.ENSP00000351407	0	0	0	0	0	0.270	0.900	0.387	0.951
JUN	ETS2	9606.ENSP00000360266	9606.ENSP00000353344	0	0	0	0	0.076	0.518	0.900	0.637	0.981
JUN	POU2F1	9606.ENSP00000360266	9606.ENSP00000356840	0	0	0	0	0	0	0.600	0.288	0.703
JUN	HDAC2	9606.ENSP00000360266	9606.ENSP00000430432	0	0	0	0	0	0.273	0.650	0.519	0.867
JUN	TBP	9606.ENSP00000360266	9606.ENSP00000375942	0	0	0	0	0	0.711	0	0.654	0.896
JUN	HDAC1	9606.ENSP00000360266	9606.ENSP00000362649	0	0	0	0	0	0.476	0.650	0.791	0.958
JUN	AR	9606.ENSP00000360266	9606.ENSP00000363822	0	0	0	0	0	0.499	0	0.928	0.962
JUN	SMARCA4	9606.ENSP00000360266	9606.ENSP00000395654	0	0	0	0	0	0.329	0.900	0.547	0.966
JUN	CDKN1A	9606.ENSP00000360266	9606.ENSP00000384849	0	0	0	0	0.079	0.270	0.900	0.616	0.970
JUN	TNF	9606.ENSP00000360266	9606.ENSP00000398698	0	0	0	0	0	0	0.900	0.847	0.984
JUN	ETS1	9606.ENSP00000360266	9606.ENSP00000376436	0	0	0	0	0.062	0.526	0.900	0.747	0.987
JUN	RELA	9606.ENSP00000360266	9606.ENSP00000384273	0	0	0	0	0.069	0.481	0.900	0.844	0.991
JUN	MYC	9606.ENSP00000360266	9606.ENSP00000479618	0	0	0	0	0.063	0.607	0.900	0.851	0.993
JUN	PPARA	9606.ENSP00000360266	9606.ENSP00000385523	0	0	0	0	0	0.066	0.900	0.963	0.996
JUN	HIF1A	9606.ENSP00000360266	9606.ENSP00000437955	0	0	0	0	0	0.676	0.900	0.901	0.996
JUN	CEBPA	9606.ENSP00000360266	9606.ENSP00000427514	0	0	0	0	0.077	0.316	0.900	0.984	0.998
JUN	MAPK8	9606.ENSP00000360266	9606.ENSP00000378974	0	0	0	0	0	0.998	0.900	0.979	0.999
JUN	ESR1	9606.ENSP00000360266	9606.ENSP00000405330	0	0	0	0	0	0.684	0.900	0.988	0.999
JUNB	MAPK14	9606.ENSP00000303315	9606.ENSP00000229795	0	0	0	0	0	0.304	0.600	0.169	0.748
JUNB	JUND	9606.ENSP00000303315	9606.ENSP00000252818	0	0	0	0.883	0.152	0.640	0.900	0.979	0.970
JUNB	SMAD2	9606.ENSP00000303315	9606.ENSP00000262160	0	0	0	0	0	0.058	0.900	0.233	0.921
JUNB	EP300	9606.ENSP00000303315	9606.ENSP00000263253	0	0	0	0	0	0.718	0.900	0.329	0.979
JUNB	STAT3	9606.ENSP00000303315	9606.ENSP00000264657	0	0	0	0	0.099	0.138	0.900	0.414	0.948
JUNB	MAPK11	9606.ENSP00000303315	9606.ENSP00000333685	0	0	0	0	0.069	0.153	0.600	0.207	0.716
JUNB	POU2F1	9606.ENSP00000303315	9606.ENSP00000356840	0	0	0	0	0.046	0	0.900	0.077	0.904
JUNB	MAPK8	9606.ENSP00000303315	9606.ENSP00000378974	0	0	0	0	0.065	0.631	0.600	0.445	0.913
JUNB	HIF1A	9606.ENSP00000303315	9606.ENSP00000437955	0	0	0	0	0.053	0	0.900	0.272	0.925
JUNB	SP1	9606.ENSP00000303315	9606.ENSP00000329357	0	0	0	0	0.046	0.101	0.900	0.290	0.930
JUNB	MYC	9606.ENSP00000303315	9606.ENSP00000479618	0	0	0	0	0.087	0	0.900	0.392	0.939
JUNB	SMAD4	9606.ENSP00000303315	9606.ENSP00000341551	0	0	0	0	0.056	0.287	0.900	0.205	0.939
JUNB	SMAD3	9606.ENSP00000303315	9606.ENSP00000332973	0	0	0	0	0	0.478	0.900	0.374	0.964
JUNB	JUN	9606.ENSP00000303315	9606.ENSP00000360266	0	0	0	0.901	0.335	0.639	0.900	0.988	0.976
JUNB	FOS	9606.ENSP00000303315	9606.ENSP00000306245	0	0	0	0	0.826	0.899	0.900	0.986	0.999
JUNB	FOSL1	9606.ENSP00000303315	9606.ENSP00000310170	0	0	0	0	0.088	0.843	0.900	0.949	0.999
JUND	MAPK14	9606.ENSP00000252818	9606.ENSP00000229795	0	0	0	0	0	0.153	0.600	0.290	0.738
JUND	MAPK11	9606.ENSP00000252818	9606.ENSP00000333685	0	0	0	0	0	0.153	0.600	0.190	0.701
JUND	SMAD3	9606.ENSP00000252818	9606.ENSP00000332973	0	0	0	0	0	0.345	0	0.679	0.781
JUND	ESR1	9606.ENSP00000252818	9606.ENSP00000405330	0	0	0	0	0	0.233	0.600	0.356	0.785
JUND	AR	9606.ENSP00000252818	9606.ENSP00000363822	0	0	0	0	0	0.290	0	0.774	0.833
JUND	JUN	9606.ENSP00000252818	9606.ENSP00000360266	0	0	0	0.927	0.150	0.149	0.900	0.989	0.927
JUND	MYC	9606.ENSP00000252818	9606.ENSP00000479618	0	0	0	0	0	0	0.900	0.536	0.951
JUND	JUNB	9606.ENSP00000252818	9606.ENSP00000303315	0	0	0	0.883	0.152	0.640	0.900	0.979	0.970
JUND	SP1	9606.ENSP00000252818	9606.ENSP00000329357	0	0	0	0	0	0.101	0.900	0.704	0.971
JUND	MAPK8	9606.ENSP00000252818	9606.ENSP00000378974	0	0	0	0	0	0.648	0.900	0.570	0.983
JUND	EP300	9606.ENSP00000252818	9606.ENSP00000263253	0	0	0	0	0	0.718	0.900	0.597	0.987
JUND	FOS	9606.ENSP00000252818	9606.ENSP00000306245	0	0	0	0	0.094	0.899	0.900	0.989	0.999
JUND	FOSL1	9606.ENSP00000252818	9606.ENSP00000310170	0	0	0	0	0.065	0.600	0.900	0.982	0.999
MAPK1	EP300	9606.ENSP00000215832	9606.ENSP00000263253	0	0	0	0	0	0.526	0	0.421	0.713
MAPK1	PPARG	9606.ENSP00000215832	9606.ENSP00000287820	0	0	0	0	0	0.699	0	0.403	0.812
MAPK1	MAPK11	9606.ENSP00000215832	9606.ENSP00000333685	0	0	0.423	0.923	0.048	0	0.800	0.642	0.816
MAPK1	ESR2	9606.ENSP00000215832	9606.ENSP00000343925	0	0	0	0	0	0.317	0.800	0.304	0.896
MAPK1	TERT	9606.ENSP00000215832	9606.ENSP00000309572	0	0	0	0	0.057	0	0.900	0.268	0.924
MAPK1	MAPK8	9606.ENSP00000215832	9606.ENSP00000378974	0	0	0.386	0.886	0.081	0.225	0.900	0.735	0.931
MAPK1	ETS2	9606.ENSP00000215832	9606.ENSP00000353344	0	0	0	0	0	0.140	0.900	0.319	0.936
MAPK1	PPARA	9606.ENSP00000215832	9606.ENSP00000385523	0	0	0	0	0	0.264	0.900	0.271	0.941
MAPK1	RB1	9606.ENSP00000215832	9606.ENSP00000267163	0	0	0	0	0.062	0.213	0.900	0.296	0.941
MAPK1	RELA	9606.ENSP00000215832	9606.ENSP00000384273	0	0	0	0	0	0.118	0.900	0.419	0.944
MAPK1	NFKBIA	9606.ENSP00000215832	9606.ENSP00000216797	0	0	0	0	0	0.134	0.900	0.461	0.949
MAPK1	SMAD2	9606.ENSP00000215832	9606.ENSP00000262160	0	0	0	0	0.069	0.264	0.900	0.447	0.957
MAPK1	SP1	9606.ENSP00000215832	9606.ENSP00000329357	0	0	0	0	0	0.537	0.900	0.255	0.962
MAPK1	HIF1A	9606.ENSP00000215832	9606.ENSP00000437955	0	0	0	0	0	0.675	0.800	0.591	0.971
MAPK1	MAPK14	9606.ENSP00000215832	9606.ENSP00000229795	0	0	0.412	0.926	0.106	0.874	0.800	0.776	0.977
MAPK1	SMAD3	9606.ENSP00000215832	9606.ENSP00000332973	0	0	0	0	0.062	0.680	0.900	0.443	0.981
MAPK1	ESR1	9606.ENSP00000215832	9606.ENSP00000405330	0	0	0	0	0	0.699	0.900	0.532	0.984
MAPK1	MYC	9606.ENSP00000215832	9606.ENSP00000479618	0	0	0	0	0	0.666	0.900	0.571	0.984
MAPK1	MAPK3	9606.ENSP00000215832	9606.ENSP00000263025	0	0	0.446	0.983	0	0.887	0.900	0.923	0.988
MAPK1	TP53	9606.ENSP00000215832	9606.ENSP00000269305	0	0	0	0	0.055	0.876	0.800	0.695	0.991
MAPK1	FOS	9606.ENSP00000215832	9606.ENSP00000306245	0	0	0	0	0	0.578	0.900	0.830	0.992
MAPK1	JUN	9606.ENSP00000215832	9606.ENSP00000360266	0	0	0	0	0	0.867	0.900	0.707	0.995
MAPK1	STAT3	9606.ENSP00000215832	9606.ENSP00000264657	0	0	0	0	0.062	0.888	0.900	0.707	0.996
MAPK1	ETS1	9606.ENSP00000215832	9606.ENSP00000376436	0	0	0	0	0	0.707	0.900	0.950	0.998
MAPK11	MAPK1	9606.ENSP00000333685	9606.ENSP00000215832	0	0	0.423	0.923	0.048	0	0.800	0.642	0.816
MAPK11	MAPK14	9606.ENSP00000333685	9606.ENSP00000229795	0	0	0.436	0.976	0	0.401	0.900	0.842	0.939
MAPK11	JUND	9606.ENSP00000333685	9606.ENSP00000252818	0	0	0	0	0	0.153	0.600	0.190	0.701
MAPK11	MAPK3	9606.ENSP00000333685	9606.ENSP00000263025	0	0	0.416	0.923	0.082	0	0.800	0.605	0.822
MAPK11	TP53	9606.ENSP00000333685	9606.ENSP00000269305	0	0	0	0	0	0.285	0.900	0.437	0.956
MAPK11	JUNB	9606.ENSP00000333685	9606.ENSP00000303315	0	0	0	0	0.069	0.153	0.600	0.207	0.716
MAPK11	FOS	9606.ENSP00000333685	9606.ENSP00000306245	0	0	0	0	0	0.248	0.800	0.414	0.904
MAPK11	FOSL1	9606.ENSP00000333685	9606.ENSP00000310170	0	0	0	0	0	0.248	0.600	0.184	0.733
MAPK11	SP1	9606.ENSP00000333685	9606.ENSP00000329357	0	0	0	0	0	0.340	0.900	0.138	0.938
MAPK11	CEBPA	9606.ENSP00000333685	9606.ENSP00000427514	0	0	0	0	0	0.061	0.900	0.208	0.919
MAPK11	ESR1	9606.ENSP00000333685	9606.ENSP00000405330	0	0	0	0	0	0.104	0.900	0.216	0.923
MAPK11	MYC	9606.ENSP00000333685	9606.ENSP00000479618	0	0	0	0	0	0	0.900	0.282	0.925
MAPK11	ESR2	9606.ENSP00000333685	9606.ENSP00000343925	0	0	0	0	0.062	0.264	0.900	0.188	0.936
MAPK11	TNF	9606.ENSP00000333685	9606.ENSP00000398698	0	0	0	0	0	0	0.900	0.472	0.945
MAPK11	JUN	9606.ENSP00000333685	9606.ENSP00000360266	0	0	0	0	0.065	0.354	0.800	0.654	0.952
MAPK14	MAPK1	9606.ENSP00000229795	9606.ENSP00000215832	0	0	0.412	0.926	0.106	0.874	0.800	0.776	0.977
MAPK14	NFKBIA	9606.ENSP00000229795	9606.ENSP00000216797	0	0	0	0	0	0.340	0.900	0.711	0.979
MAPK14	JUND	9606.ENSP00000229795	9606.ENSP00000252818	0	0	0	0	0	0.153	0.600	0.290	0.738
MAPK14	JUNB	9606.ENSP00000229795	9606.ENSP00000303315	0	0	0	0	0	0.304	0.600	0.169	0.748
MAPK14	FOSL1	9606.ENSP00000229795	9606.ENSP00000310170	0	0	0	0	0	0.248	0.600	0.263	0.759
MAPK14	MAPK8	9606.ENSP00000229795	9606.ENSP00000378974	0	0	0.396	0.924	0.066	0.470	0.600	0.814	0.803
MAPK14	ESR2	9606.ENSP00000229795	9606.ENSP00000343925	0	0	0	0	0.062	0.104	0.800	0.244	0.855
MAPK14	ETS2	9606.ENSP00000229795	9606.ENSP00000353344	0	0	0	0	0.062	0.111	0.900	0.132	0.917
MAPK14	AR	9606.ENSP00000229795	9606.ENSP00000363822	0	0	0	0	0	0.104	0.900	0.289	0.930
MAPK14	CEBPA	9606.ENSP00000229795	9606.ENSP00000427514	0	0	0	0	0.062	0.061	0.900	0.321	0.932
MAPK14	CREBBP	9606.ENSP00000229795	9606.ENSP00000262367	0	0	0	0	0	0.114	0.900	0.347	0.937
MAPK14	MAPK11	9606.ENSP00000229795	9606.ENSP00000333685	0	0	0.436	0.976	0	0.401	0.900	0.842	0.939
MAPK14	SP1	9606.ENSP00000229795	9606.ENSP00000329357	0	0	0	0	0	0.340	0.900	0.204	0.942
MAPK14	ETS1	9606.ENSP00000229795	9606.ENSP00000376436	0	0	0	0	0	0.323	0.900	0.244	0.944
MAPK14	MYC	9606.ENSP00000229795	9606.ENSP00000479618	0	0	0	0	0	0.129	0.900	0.520	0.954
MAPK14	RELA	9606.ENSP00000229795	9606.ENSP00000384273	0	0	0	0	0	0.128	0.900	0.525	0.955
MAPK14	ESR1	9606.ENSP00000229795	9606.ENSP00000405330	0	0	0	0	0	0.264	0.900	0.458	0.956
MAPK14	MAPK3	9606.ENSP00000229795	9606.ENSP00000263025	0	0	0.394	0.924	0.048	0.777	0.800	0.831	0.957
MAPK14	STAT3	9606.ENSP00000229795	9606.ENSP00000264657	0	0	0	0	0.062	0.056	0.900	0.624	0.962
MAPK14	EP300	9606.ENSP00000229795	9606.ENSP00000263253	0	0	0	0	0	0.525	0.900	0.323	0.965
MAPK14	FOS	9606.ENSP00000229795	9606.ENSP00000306245	0	0	0	0	0	0.248	0.900	0.592	0.966
MAPK14	TNF	9606.ENSP00000229795	9606.ENSP00000398698	0	0	0	0	0	0	0.900	0.768	0.975
MAPK14	RB1	9606.ENSP00000229795	9606.ENSP00000267163	0	0	0	0	0.062	0.839	0.900	0.208	0.986
MAPK14	JUN	9606.ENSP00000229795	9606.ENSP00000360266	0	0	0	0	0	0.400	0.900	0.838	0.989
MAPK14	TP53	9606.ENSP00000229795	9606.ENSP00000269305	0	0	0	0	0	0.878	0.900	0.655	0.995
MAPK3	MAPK1	9606.ENSP00000263025	9606.ENSP00000215832	0	0	0.446	0.983	0	0.887	0.900	0.923	0.988
MAPK3	NFKBIA	9606.ENSP00000263025	9606.ENSP00000216797	0	0	0	0	0	0.134	0.900	0.708	0.972
MAPK3	MAPK14	9606.ENSP00000263025	9606.ENSP00000229795	0	0	0.394	0.924	0.048	0.777	0.800	0.831	0.957
MAPK3	SMAD2	9606.ENSP00000263025	9606.ENSP00000262160	0	0	0	0	0.062	0.264	0.900	0.708	0.977
MAPK3	CREBBP	9606.ENSP00000263025	9606.ENSP00000262367	0	0	0	0	0	0.526	0	0.394	0.701
MAPK3	EP300	9606.ENSP00000263025	9606.ENSP00000263253	0	0	0	0	0	0.114	0	0.690	0.714
MAPK3	TNF	9606.ENSP00000263025	9606.ENSP00000398698	0	0	0	0	0	0	0	0.765	0.765
MAPK3	MAPK11	9606.ENSP00000263025	9606.ENSP00000333685	0	0	0.416	0.923	0.082	0	0.800	0.605	0.822
MAPK3	ESR2	9606.ENSP00000263025	9606.ENSP00000343925	0	0	0	0	0	0.104	0.800	0.570	0.916
MAPK3	TERT	9606.ENSP00000263025	9606.ENSP00000309572	0	0	0	0	0.057	0	0.900	0.342	0.932
MAPK3	MAPK8	9606.ENSP00000263025	9606.ENSP00000378974	0	0	0.390	0.874	0.083	0.225	0.900	0.837	0.934
MAPK3	ETS2	9606.ENSP00000263025	9606.ENSP00000353344	0	0	0	0	0	0.140	0.900	0.315	0.936
MAPK3	RELA	9606.ENSP00000263025	9606.ENSP00000384273	0	0	0	0	0	0	0.900	0.490	0.946
MAPK3	RB1	9606.ENSP00000263025	9606.ENSP00000267163	0	0	0	0	0.062	0.156	0.900	0.404	0.946
MAPK3	HIF1A	9606.ENSP00000263025	9606.ENSP00000437955	0	0	0	0	0	0.213	0.800	0.729	0.953
MAPK3	PPARA	9606.ENSP00000263025	9606.ENSP00000385523	0	0	0	0	0	0.264	0.900	0.511	0.960
MAPK3	ETS1	9606.ENSP00000263025	9606.ENSP00000376436	0	0	0	0	0	0.294	0.900	0.482	0.960
MAPK3	SMAD3	9606.ENSP00000263025	9606.ENSP00000332973	0	0	0	0	0.062	0.104	0.900	0.601	0.962
MAPK3	SP1	9606.ENSP00000263025	9606.ENSP00000329357	0	0	0	0	0	0.537	0.900	0.453	0.972
MAPK3	ESR1	9606.ENSP00000263025	9606.ENSP00000405330	0	0	0	0	0	0.264	0.900	0.683	0.974
MAPK3	TP53	9606.ENSP00000263025	9606.ENSP00000269305	0	0	0	0	0.062	0.680	0.800	0.721	0.981
MAPK3	MYC	9606.ENSP00000263025	9606.ENSP00000479618	0	0	0	0	0	0.462	0.900	0.691	0.981
MAPK3	FOS	9606.ENSP00000263025	9606.ENSP00000306245	0	0	0	0	0	0.427	0.900	0.737	0.983
MAPK3	STAT3	9606.ENSP00000263025	9606.ENSP00000264657	0	0	0	0	0.062	0.225	0.900	0.823	0.985
MAPK3	JUN	9606.ENSP00000263025	9606.ENSP00000360266	0	0	0	0	0	0.500	0.900	0.852	0.991
MAPK8	MAPK1	9606.ENSP00000378974	9606.ENSP00000215832	0	0	0.386	0.886	0.081	0.225	0.900	0.735	0.931
MAPK8	NFKBIA	9606.ENSP00000378974	9606.ENSP00000216797	0	0	0	0	0	0.102	0	0.707	0.726
MAPK8	MAPK14	9606.ENSP00000378974	9606.ENSP00000229795	0	0	0.396	0.924	0.066	0.470	0.600	0.814	0.803
MAPK8	JUND	9606.ENSP00000378974	9606.ENSP00000252818	0	0	0	0	0	0.648	0.900	0.570	0.983
MAPK8	MAPK3	9606.ENSP00000378974	9606.ENSP00000263025	0	0	0.390	0.874	0.083	0.225	0.900	0.837	0.934
MAPK8	EP300	9606.ENSP00000378974	9606.ENSP00000263253	0	0	0	0	0.062	0.270	0.900	0.343	0.949
MAPK8	STAT3	9606.ENSP00000378974	9606.ENSP00000264657	0	0	0	0	0	0.678	0	0.693	0.897
MAPK8	TP53	9606.ENSP00000378974	9606.ENSP00000269305	0	0	0	0	0	0.884	0.900	0.827	0.997
MAPK8	JUNB	9606.ENSP00000378974	9606.ENSP00000303315	0	0	0	0	0.065	0.631	0.600	0.445	0.913
MAPK8	FOS	9606.ENSP00000378974	9606.ENSP00000306245	0	0	0	0	0	0.243	0.900	0.697	0.975
MAPK8	FOSL1	9606.ENSP00000378974	9606.ENSP00000310170	0	0	0	0	0	0.243	0.600	0.430	0.812
MAPK8	SP1	9606.ENSP00000378974	9606.ENSP00000329357	0	0	0	0	0	0.498	0.900	0.286	0.961
MAPK8	SMAD3	9606.ENSP00000378974	9606.ENSP00000332973	0	0	0	0	0.065	0.600	0.800	0.464	0.954
MAPK8	SMAD4	9606.ENSP00000378974	9606.ENSP00000341551	0	0	0	0	0.066	0	0.800	0.608	0.920
MAPK8	ESR2	9606.ENSP00000378974	9606.ENSP00000343925	0	0	0	0	0.062	0	0.800	0.232	0.843
MAPK8	HTT	9606.ENSP00000378974	9606.ENSP00000347184	0	0	0	0	0	0	0.800	0.287	0.851
MAPK8	JUN	9606.ENSP00000378974	9606.ENSP00000360266	0	0	0	0	0	0.998	0.900	0.979	0.999
MAPK8	AR	9606.ENSP00000378974	9606.ENSP00000363822	0	0	0	0	0	0	0.900	0.285	0.925
MAPK8	TNF	9606.ENSP00000378974	9606.ENSP00000398698	0	0	0	0	0.052	0	0	0.696	0.700
MAPK8	MYC	9606.ENSP00000378974	9606.ENSP00000479618	0	0	0	0	0	0.462	0	0.562	0.754
MAPK8	ESR1	9606.ENSP00000378974	9606.ENSP00000405330	0	0	0	0	0	0	0.800	0.456	0.886
MAPK8	RELA	9606.ENSP00000378974	9606.ENSP00000384273	0	0	0	0	0	0	0.800	0.587	0.913
MAPK8	CDKN1A	9606.ENSP00000378974	9606.ENSP00000384849	0	0	0	0	0	0.487	0.900	0.464	0.970
MDM2	TERT	9606.ENSP00000258149	9606.ENSP00000309572	0	0	0	0	0	0.486	0	0.564	0.766
MDM2	MYC	9606.ENSP00000258149	9606.ENSP00000479618	0	0	0	0	0	0.129	0	0.811	0.829
MDM2	ESR1	9606.ENSP00000258149	9606.ENSP00000405330	0	0	0	0	0	0.757	0	0.810	0.952
MDM2	CDKN1A	9606.ENSP00000258149	9606.ENSP00000384849	0	0	0	0	0.062	0.872	0	0.823	0.976
MDM2	TBP	9606.ENSP00000258149	9606.ENSP00000375942	0	0	0	0	0.054	0.501	0	0.960	0.979
MDM2	E2F1	9606.ENSP00000258149	9606.ENSP00000345571	0	0	0	0	0	0.486	0.900	0.719	0.984
MDM2	SP1	9606.ENSP00000258149	9606.ENSP00000329357	0	0	0	0	0.062	0.345	0	0.976	0.984
MDM2	HDAC1	9606.ENSP00000258149	9606.ENSP00000362649	0	0	0	0	0	0.675	0	0.979	0.993
MDM2	CREBBP	9606.ENSP00000258149	9606.ENSP00000262367	0	0	0	0	0	0.866	0.900	0.856	0.997
MDM2	RB1	9606.ENSP00000258149	9606.ENSP00000267163	0	0	0	0	0.062	0.881	0.900	0.875	0.998
MDM2	AR	9606.ENSP00000258149	9606.ENSP00000363822	0	0	0	0	0	0.898	0	0.988	0.998
MDM2	HIF1A	9606.ENSP00000258149	9606.ENSP00000437955	0	0	0	0	0.062	0.873	0.900	0.984	0.999
MDM2	TP53	9606.ENSP00000258149	9606.ENSP00000269305	0	0	0	0	0.240	0.998	0.900	0.995	0.999
MDM2	EP300	9606.ENSP00000258149	9606.ENSP00000263253	0	0	0	0	0	0.874	0.900	0.989	0.999
MYC	MAPK1	9606.ENSP00000479618	9606.ENSP00000215832	0	0	0	0	0	0.666	0.900	0.571	0.984
MYC	NFKBIA	9606.ENSP00000479618	9606.ENSP00000216797	0	0	0	0	0.060	0.057	0.900	0.653	0.965
MYC	MAPK14	9606.ENSP00000479618	9606.ENSP00000229795	0	0	0	0	0	0.129	0.900	0.520	0.954
MYC	JUND	9606.ENSP00000479618	9606.ENSP00000252818	0	0	0	0	0	0	0.900	0.536	0.951
MYC	MDM2	9606.ENSP00000479618	9606.ENSP00000258149	0	0	0	0	0	0.129	0	0.811	0.829
MYC	SMAD2	9606.ENSP00000479618	9606.ENSP00000262160	0	0	0	0	0	0.470	0.900	0.970	0.998
MYC	CREBBP	9606.ENSP00000479618	9606.ENSP00000262367	0	0	0	0	0.062	0.687	0.900	0.744	0.991
MYC	MAPK3	9606.ENSP00000479618	9606.ENSP00000263025	0	0	0	0	0	0.462	0.900	0.691	0.981
MYC	EP300	9606.ENSP00000479618	9606.ENSP00000263253	0	0	0	0	0.062	0.780	0.900	0.987	0.999
MYC	STAT3	9606.ENSP00000479618	9606.ENSP00000264657	0	0	0	0	0	0.684	0.900	0.836	0.994
MYC	RB1	9606.ENSP00000479618	9606.ENSP00000267163	0	0	0	0	0	0.671	0	0.611	0.866
MYC	TP53	9606.ENSP00000479618	9606.ENSP00000269305	0	0	0	0	0.091	0.274	0	0.893	0.923
MYC	CDKN2B	9606.ENSP00000479618	9606.ENSP00000276925	0	0	0	0	0	0.144	0.800	0.653	0.935
MYC	JUNB	9606.ENSP00000479618	9606.ENSP00000303315	0	0	0	0	0.087	0	0.900	0.392	0.939
MYC	FOS	9606.ENSP00000479618	9606.ENSP00000306245	0	0	0	0	0.065	0.129	0.900	0.861	0.987
MYC	TERT	9606.ENSP00000479618	9606.ENSP00000309572	0	0	0	0	0.077	0.130	0.900	0.799	0.981
MYC	SP1	9606.ENSP00000479618	9606.ENSP00000329357	0	0	0	0	0.062	0.837	0.900	0.972	0.999
MYC	SMAD3	9606.ENSP00000479618	9606.ENSP00000332973	0	0	0	0	0	0.281	0.900	0.937	0.995
MYC	MAPK11	9606.ENSP00000479618	9606.ENSP00000333685	0	0	0	0	0	0	0.900	0.282	0.925
MYC	SMAD4	9606.ENSP00000479618	9606.ENSP00000341551	0	0	0	0	0	0.056	0.900	0.787	0.978
MYC	FOXM1	9606.ENSP00000479618	9606.ENSP00000342307	0	0	0	0	0.088	0.326	0	0.739	0.826
MYC	E2F1	9606.ENSP00000479618	9606.ENSP00000345571	0	0	0	0	0.088	0	0.900	0.707	0.971
MYC	NFYA	9606.ENSP00000479618	9606.ENSP00000345702	0	0	0	0	0.081	0	0.900	0.391	0.939
MYC	POU2F1	9606.ENSP00000479618	9606.ENSP00000356840	0	0	0	0	0	0.057	0.900	0.261	0.924
MYC	JUN	9606.ENSP00000479618	9606.ENSP00000360266	0	0	0	0	0.063	0.607	0.900	0.851	0.993
MYC	CDK9	9606.ENSP00000479618	9606.ENSP00000362361	0	0	0	0	0	0.876	0	0.908	0.988
MYC	HDAC1	9606.ENSP00000479618	9606.ENSP00000362649	0	0	0	0	0.077	0.772	0	0.960	0.991
MYC	AR	9606.ENSP00000479618	9606.ENSP00000363822	0	0	0	0	0	0.069	0	0.832	0.837
MYC	TFAP2A	9606.ENSP00000479618	9606.ENSP00000368924	0	0	0	0	0.070	0.270	0.650	0.639	0.902
MYC	TBP	9606.ENSP00000479618	9606.ENSP00000375942	0	0	0	0	0.062	0.678	0	0.751	0.918
MYC	MAPK8	9606.ENSP00000479618	9606.ENSP00000378974	0	0	0	0	0	0.462	0	0.562	0.754
MYC	RELA	9606.ENSP00000479618	9606.ENSP00000384273	0	0	0	0	0	0.603	0.900	0.666	0.985
MYC	CDKN1A	9606.ENSP00000479618	9606.ENSP00000384849	0	0	0	0	0	0.307	0.900	0.748	0.981
MYC	PPARA	9606.ENSP00000479618	9606.ENSP00000385523	0	0	0	0	0	0.069	0.900	0.572	0.956
MYC	SMARCA4	9606.ENSP00000479618	9606.ENSP00000395654	0	0	0	0	0	0.702	0	0.799	0.937
MYC	TNF	9606.ENSP00000479618	9606.ENSP00000398698	0	0	0	0	0.062	0	0.900	0.666	0.965
MYC	ESR1	9606.ENSP00000479618	9606.ENSP00000405330	0	0	0	0	0	0.644	0.600	0.825	0.973
MYC	CEBPA	9606.ENSP00000479618	9606.ENSP00000427514	0	0	0	0	0.058	0.334	0.900	0.644	0.974
MYC	HDAC2	9606.ENSP00000479618	9606.ENSP00000430432	0	0	0	0	0	0.462	0	0.570	0.759
MYC	HIF1A	9606.ENSP00000479618	9606.ENSP00000437955	0	0	0	0	0	0.475	0.900	0.965	0.998
NFKBIA	MAPK1	9606.ENSP00000216797	9606.ENSP00000215832	0	0	0	0	0	0.134	0.900	0.461	0.949
NFKBIA	STAT3	9606.ENSP00000216797	9606.ENSP00000264657	0	0	0	0	0.062	0.057	0	0.694	0.706
NFKBIA	MAPK8	9606.ENSP00000216797	9606.ENSP00000378974	0	0	0	0	0	0.102	0	0.707	0.726
NFKBIA	TP53	9606.ENSP00000216797	9606.ENSP00000269305	0	0	0	0	0	0.615	0	0.814	0.925
NFKBIA	SP1	9606.ENSP00000216797	9606.ENSP00000329357	0	0	0	0	0.049	0.078	0.900	0.322	0.932
NFKBIA	PPARA	9606.ENSP00000216797	9606.ENSP00000385523	0	0	0	0	0	0.057	0.900	0.507	0.949
NFKBIA	MYC	9606.ENSP00000216797	9606.ENSP00000479618	0	0	0	0	0.060	0.057	0.900	0.653	0.965
NFKBIA	CREBBP	9606.ENSP00000216797	9606.ENSP00000262367	0	0	0	0	0	0.284	0.900	0.571	0.966
NFKBIA	MAPK3	9606.ENSP00000216797	9606.ENSP00000263025	0	0	0	0	0	0.134	0.900	0.708	0.972
NFKBIA	MAPK14	9606.ENSP00000216797	9606.ENSP00000229795	0	0	0	0	0	0.340	0.900	0.711	0.979
NFKBIA	JUN	9606.ENSP00000216797	9606.ENSP00000360266	0	0	0	0	0.125	0	0.900	0.805	0.981
NFKBIA	EP300	9606.ENSP00000216797	9606.ENSP00000263253	0	0	0	0	0	0.496	0.900	0.682	0.982
NFKBIA	HDAC1	9606.ENSP00000216797	9606.ENSP00000362649	0	0	0	0	0.062	0.499	0.900	0.825	0.990
NFKBIA	TNF	9606.ENSP00000216797	9606.ENSP00000398698	0	0	0	0	0.152	0.270	0.900	0.893	0.992
NFKBIA	RELA	9606.ENSP00000216797	9606.ENSP00000384273	0	0.003	0	0	0.085	0.998	0.900	0.989	0.999
NFYA	CREBBP	9606.ENSP00000345702	9606.ENSP00000262367	0	0	0	0	0	0.316	0.600	0.150	0.747
NFYA	EP300	9606.ENSP00000345702	9606.ENSP00000263253	0	0	0	0	0	0.518	0.600	0.344	0.862
NFYA	RB1	9606.ENSP00000345702	9606.ENSP00000267163	0	0	0	0	0	0	0.900	0.137	0.910
NFYA	TP53	9606.ENSP00000345702	9606.ENSP00000269305	0	0	0	0	0	0.675	0.900	0.763	0.991
NFYA	SP1	9606.ENSP00000345702	9606.ENSP00000329357	0	0	0	0	0.058	0.709	0.600	0.502	0.938
NFYA	JUN	9606.ENSP00000345702	9606.ENSP00000360266	0	0	0	0	0	0.486	0	0.488	0.726
NFYA	TBP	9606.ENSP00000345702	9606.ENSP00000375942	0	0	0	0	0.062	0.182	0.800	0.486	0.910
NFYA	MYC	9606.ENSP00000345702	9606.ENSP00000479618	0	0	0	0	0.081	0	0.900	0.391	0.939
POU2F1	EP300	9606.ENSP00000356840	9606.ENSP00000263253	0	0	0	0	0.062	0.076	0.800	0.203	0.843
POU2F1	STAT3	9606.ENSP00000356840	9606.ENSP00000264657	0	0	0	0	0	0	0.900	0.195	0.916
POU2F1	JUNB	9606.ENSP00000356840	9606.ENSP00000303315	0	0	0	0	0.046	0	0.900	0.077	0.904
POU2F1	SP1	9606.ENSP00000356840	9606.ENSP00000329357	0	0	0	0	0.062	0.867	0.600	0.254	0.958
POU2F1	JUN	9606.ENSP00000356840	9606.ENSP00000360266	0	0	0	0	0	0	0.600	0.288	0.703
POU2F1	ESR1	9606.ENSP00000356840	9606.ENSP00000405330	0	0	0	0	0	0.298	0.600	0.260	0.774
POU2F1	TBP	9606.ENSP00000356840	9606.ENSP00000375942	0	0	0	0	0	0.282	0.600	0.333	0.792
POU2F1	HIF1A	9606.ENSP00000356840	9606.ENSP00000437955	0	0	0	0	0	0.158	0.900	0.129	0.920
POU2F1	MYC	9606.ENSP00000356840	9606.ENSP00000479618	0	0	0	0	0	0.057	0.900	0.261	0.924
PPARA	MAPK1	9606.ENSP00000385523	9606.ENSP00000215832	0	0	0	0	0	0.264	0.900	0.271	0.941
PPARA	NFKBIA	9606.ENSP00000385523	9606.ENSP00000216797	0	0	0	0	0	0.057	0.900	0.507	0.949
PPARA	CREBBP	9606.ENSP00000385523	9606.ENSP00000262367	0	0	0	0	0	0.355	0.900	0.620	0.973
PPARA	MAPK3	9606.ENSP00000385523	9606.ENSP00000263025	0	0	0	0	0	0.264	0.900	0.511	0.960
PPARA	EP300	9606.ENSP00000385523	9606.ENSP00000263253	0	0	0	0	0	0.700	0.900	0.943	0.998
PPARA	RB1	9606.ENSP00000385523	9606.ENSP00000267163	0	0	0	0	0	0.077	0.900	0.197	0.919
PPARA	SP1	9606.ENSP00000385523	9606.ENSP00000329357	0	0	0	0	0	0.076	0.900	0.789	0.978
PPARA	JUN	9606.ENSP00000385523	9606.ENSP00000360266	0	0	0	0	0	0.066	0.900	0.963	0.996
PPARA	RELA	9606.ENSP00000385523	9606.ENSP00000384273	0	0	0	0	0	0.282	0.900	0.471	0.958
PPARA	CEBPA	9606.ENSP00000385523	9606.ENSP00000427514	0	0	0	0	0.063	0.069	0	0.686	0.702
PPARA	MYC	9606.ENSP00000385523	9606.ENSP00000479618	0	0	0	0	0	0.069	0.900	0.572	0.956
PPARA	TNF	9606.ENSP00000385523	9606.ENSP00000398698	0	0	0	0	0	0	0.900	0.700	0.968
PPARG	MAPK1	9606.ENSP00000287820	9606.ENSP00000215832	0	0	0	0	0	0.699	0	0.403	0.812
PPARG	CREBBP	9606.ENSP00000287820	9606.ENSP00000262367	0	0	0	0	0	0.974	0.900	0.931	0.999
PPARG	EP300	9606.ENSP00000287820	9606.ENSP00000263253	0	0	0	0	0	0.878	0.900	0.973	0.999
PPARG	STAT3	9606.ENSP00000287820	9606.ENSP00000264657	0	0	0	0	0	0.056	0	0.705	0.711
PPARG	RB1	9606.ENSP00000287820	9606.ENSP00000267163	0	0	0	0	0	0.297	0.900	0.285	0.945
PPARG	TP53	9606.ENSP00000287820	9606.ENSP00000269305	0	0	0	0	0	0.292	0.650	0.719	0.924
PPARG	HIF1A	9606.ENSP00000287820	9606.ENSP00000437955	0	0	0	0	0.062	0.108	0	0.736	0.760
PPARG	SMARCA4	9606.ENSP00000287820	9606.ENSP00000395654	0	0	0	0	0	0.298	0.600	0.244	0.769
PPARG	HDAC2	9606.ENSP00000287820	9606.ENSP00000430432	0	0	0	0	0	0.078	0.650	0.399	0.789
PPARG	SMAD3	9606.ENSP00000287820	9606.ENSP00000332973	0	0	0	0	0	0.291	0	0.722	0.794
PPARG	HTT	9606.ENSP00000287820	9606.ENSP00000347184	0	0	0	0	0	0.274	0	0.767	0.823
PPARG	TFAP2A	9606.ENSP00000287820	9606.ENSP00000368924	0	0	0	0	0	0.296	0	0.811	0.861
PPARG	HDAC1	9606.ENSP00000287820	9606.ENSP00000362649	0	0	0	0	0	0.505	0.650	0.622	0.929
PPARG	FOS	9606.ENSP00000287820	9606.ENSP00000306245	0	0	0	0	0	0.082	0.900	0.605	0.960
PPARG	TNF	9606.ENSP00000287820	9606.ENSP00000398698	0	0	0	0	0	0	0.900	0.807	0.979
PPARG	JUN	9606.ENSP00000287820	9606.ENSP00000360266	0	0	0	0	0	0.066	0.900	0.842	0.984
PPARG	SP1	9606.ENSP00000287820	9606.ENSP00000329357	0	0	0	0	0	0.841	0	0.929	0.988
PPARG	CEBPA	9606.ENSP00000287820	9606.ENSP00000427514	0	0	0	0	0.062	0.069	0.900	0.949	0.995
PPARG	RELA	9606.ENSP00000287820	9606.ENSP00000384273	0	0	0	0	0	0.768	0.900	0.984	0.999
RB1	MAPK1	9606.ENSP00000267163	9606.ENSP00000215832	0	0	0	0	0.062	0.213	0.900	0.296	0.941
RB1	MAPK14	9606.ENSP00000267163	9606.ENSP00000229795	0	0	0	0	0.062	0.839	0.900	0.208	0.986
RB1	MDM2	9606.ENSP00000267163	9606.ENSP00000258149	0	0	0	0	0.062	0.881	0.900	0.875	0.998
RB1	CREBBP	9606.ENSP00000267163	9606.ENSP00000262367	0	0	0	0	0.062	0.383	0.900	0.263	0.951
RB1	MAPK3	9606.ENSP00000267163	9606.ENSP00000263025	0	0	0	0	0.062	0.156	0.900	0.404	0.946
RB1	EP300	9606.ENSP00000267163	9606.ENSP00000263253	0	0	0	0	0.062	0.713	0.900	0.685	0.990
RB1	FOS	9606.ENSP00000267163	9606.ENSP00000306245	0	0	0	0	0	0.578	0	0.341	0.710
RB1	ESR1	9606.ENSP00000267163	9606.ENSP00000405330	0	0	0	0	0	0.077	0	0.782	0.790
RB1	MYC	9606.ENSP00000267163	9606.ENSP00000479618	0	0	0	0	0	0.671	0	0.611	0.866
RB1	NFYA	9606.ENSP00000267163	9606.ENSP00000345702	0	0	0	0	0	0	0.900	0.137	0.910
RB1	PPARA	9606.ENSP00000267163	9606.ENSP00000385523	0	0	0	0	0	0.077	0.900	0.197	0.919
RB1	SP3	9606.ENSP00000267163	9606.ENSP00000310301	0	0	0	0	0	0.242	0.900	0.074	0.923
RB1	AR	9606.ENSP00000267163	9606.ENSP00000363822	0	0	0	0	0	0.687	0.650	0.489	0.939
RB1	TERT	9606.ENSP00000267163	9606.ENSP00000309572	0	0	0	0	0.065	0	0.900	0.463	0.945
RB1	PPARG	9606.ENSP00000267163	9606.ENSP00000287820	0	0	0	0	0	0.297	0.900	0.285	0.945
RB1	FOXM1	9606.ENSP00000267163	9606.ENSP00000342307	0	0	0	0	0	0.283	0.900	0.348	0.949
RB1	CDK9	9606.ENSP00000267163	9606.ENSP00000362361	0	0	0	0	0.062	0.843	0	0.693	0.951
RB1	TBP	9606.ENSP00000267163	9606.ENSP00000375942	0	0	0	0	0	0.462	0.900	0.428	0.966
RB1	JUN	9606.ENSP00000267163	9606.ENSP00000360266	0	0	0	0	0	0.486	0.900	0.421	0.967
RB1	HDAC2	9606.ENSP00000267163	9606.ENSP00000430432	0	0	0	0	0.064	0.782	0.800	0.345	0.969
RB1	CEBPA	9606.ENSP00000267163	9606.ENSP00000427514	0	0	0	0	0	0.687	0.900	0.236	0.974
RB1	CDKN1A	9606.ENSP00000267163	9606.ENSP00000384849	0	0	0	0	0.056	0.370	0.900	0.741	0.982
RB1	TP53	9606.ENSP00000267163	9606.ENSP00000269305	0	0	0	0	0.056	0.486	0.900	0.823	0.990
RB1	SMARCA4	9606.ENSP00000267163	9606.ENSP00000395654	0	0	0	0	0.062	0.874	0.720	0.829	0.993
RB1	SP1	9606.ENSP00000267163	9606.ENSP00000329357	0	0	0	0	0	0.870	0.900	0.710	0.995
RB1	HDAC1	9606.ENSP00000267163	9606.ENSP00000362649	0	0	0	0	0.064	0.923	0.900	0.961	0.999
RB1	E2F1	9606.ENSP00000267163	9606.ENSP00000345571	0	0	0	0	0.145	0.998	0.900	0.989	0.999
RELA	MAPK1	9606.ENSP00000384273	9606.ENSP00000215832	0	0	0	0	0	0.118	0.900	0.419	0.944
RELA	NFKBIA	9606.ENSP00000384273	9606.ENSP00000216797	0	0.003	0	0	0.085	0.998	0.900	0.989	0.999
RELA	MAPK14	9606.ENSP00000384273	9606.ENSP00000229795	0	0	0	0	0	0.128	0.900	0.525	0.955
RELA	CREBBP	9606.ENSP00000384273	9606.ENSP00000262367	0	0	0	0	0.109	0.923	0.900	0.985	0.999
RELA	MAPK3	9606.ENSP00000384273	9606.ENSP00000263025	0	0	0	0	0	0	0.900	0.490	0.946
RELA	EP300	9606.ENSP00000384273	9606.ENSP00000263253	0	0	0	0	0	0.922	0.900	0.988	0.999
RELA	STAT3	9606.ENSP00000384273	9606.ENSP00000264657	0	0	0	0	0.108	0.835	0	0.983	0.997
RELA	TP53	9606.ENSP00000384273	9606.ENSP00000269305	0	0	0	0	0.062	0.451	0	0.964	0.980
RELA	PPARG	9606.ENSP00000384273	9606.ENSP00000287820	0	0	0	0	0	0.768	0.900	0.984	0.999
RELA	FOS	9606.ENSP00000384273	9606.ENSP00000306245	0	0	0	0	0	0.659	0.900	0.640	0.986
RELA	SP3	9606.ENSP00000384273	9606.ENSP00000310301	0	0	0	0	0	0.281	0	0.687	0.766
RELA	SP1	9606.ENSP00000384273	9606.ENSP00000329357	0	0	0	0	0.048	0.873	0.900	0.833	0.997
RELA	JUN	9606.ENSP00000384273	9606.ENSP00000360266	0	0	0	0	0.069	0.481	0.900	0.844	0.991
RELA	CDK9	9606.ENSP00000384273	9606.ENSP00000362361	0	0	0	0	0.109	0.270	0	0.829	0.879
RELA	HDAC1	9606.ENSP00000384273	9606.ENSP00000362649	0	0	0	0	0.107	0.894	0	0.984	0.998
RELA	AR	9606.ENSP00000384273	9606.ENSP00000363822	0	0	0	0	0	0.489	0	0.501	0.734
RELA	TBP	9606.ENSP00000384273	9606.ENSP00000375942	0	0	0	0	0	0.675	0	0.594	0.862
RELA	MAPK8	9606.ENSP00000384273	9606.ENSP00000378974	0	0	0	0	0	0	0.800	0.587	0.913
RELA	HIF1A	9606.ENSP00000384273	9606.ENSP00000437955	0	0	0	0	0	0.270	0	0.890	0.916
RELA	SMARCA4	9606.ENSP00000384273	9606.ENSP00000395654	0	0	0	0	0.083	0	0.900	0.273	0.927
RELA	ESR1	9606.ENSP00000384273	9606.ENSP00000405330	0	0	0	0	0	0.757	0	0.730	0.931
RELA	PPARA	9606.ENSP00000384273	9606.ENSP00000385523	0	0	0	0	0	0.282	0.900	0.471	0.958
RELA	MYC	9606.ENSP00000384273	9606.ENSP00000479618	0	0	0	0	0	0.603	0.900	0.666	0.985
RELA	TNF	9606.ENSP00000384273	9606.ENSP00000398698	0	0	0	0	0	0.501	0.900	0.824	0.990
RELA	HDAC2	9606.ENSP00000384273	9606.ENSP00000430432	0	0	0	0	0.045	0.883	0.900	0.937	0.999
RNF4	SP1	9606.ENSP00000426503	9606.ENSP00000329357	0	0	0	0	0.049	0.680	0	0.856	0.952
RNF4	AR	9606.ENSP00000426503	9606.ENSP00000363822	0	0	0	0	0	0.680	0	0.526	0.841
SMAD2	MAPK1	9606.ENSP00000262160	9606.ENSP00000215832	0	0	0	0	0.069	0.264	0.900	0.447	0.957
SMAD2	STAT3	9606.ENSP00000262160	9606.ENSP00000264657	0	0	0	0	0.068	0	0	0.718	0.726
SMAD2	FOSL1	9606.ENSP00000262160	9606.ENSP00000310170	0	0	0	0	0	0.062	0	0.769	0.774
SMAD2	SMARCA4	9606.ENSP00000262160	9606.ENSP00000395654	0	0	0	0	0	0.486	0	0.819	0.903
SMAD2	ESR1	9606.ENSP00000262160	9606.ENSP00000405330	0	0	0	0	0	0.501	0	0.812	0.903
SMAD2	JUNB	9606.ENSP00000262160	9606.ENSP00000303315	0	0	0	0	0	0.058	0.900	0.233	0.921
SMAD2	JUN	9606.ENSP00000262160	9606.ENSP00000360266	0	0	0	0	0	0.688	0	0.757	0.921
SMAD2	CDK9	9606.ENSP00000262160	9606.ENSP00000362361	0	0	0	0	0	0.270	0.900	0.226	0.938
SMAD2	HDAC2	9606.ENSP00000262160	9606.ENSP00000430432	0	0	0	0	0.063	0.130	0.900	0.440	0.948
SMAD2	CDKN2B	9606.ENSP00000262160	9606.ENSP00000276925	0	0	0	0	0	0.057	0.900	0.514	0.950
SMAD2	MAPK3	9606.ENSP00000262160	9606.ENSP00000263025	0	0	0	0	0.062	0.264	0.900	0.708	0.977
SMAD2	SMAD3	9606.ENSP00000262160	9606.ENSP00000332973	0	0	0	0.984	0.114	0.898	0.900	0.991	0.990
SMAD2	SP1	9606.ENSP00000262160	9606.ENSP00000329357	0	0	0	0	0.062	0.683	0.900	0.716	0.990
SMAD2	HDAC1	9606.ENSP00000262160	9606.ENSP00000362649	0	0	0	0	0.062	0.837	0.900	0.579	0.992
SMAD2	CREBBP	9606.ENSP00000262160	9606.ENSP00000262367	0	0	0	0	0.049	0.887	0.900	0.830	0.997
SMAD2	TP53	9606.ENSP00000262160	9606.ENSP00000269305	0	0	0	0	0.049	0.878	0	0.989	0.998
SMAD2	MYC	9606.ENSP00000262160	9606.ENSP00000479618	0	0	0	0	0	0.470	0.900	0.970	0.998
SMAD2	EP300	9606.ENSP00000262160	9606.ENSP00000263253	0	0	0	0	0.049	0.786	0.900	0.972	0.999
SMAD2	SMAD4	9606.ENSP00000262160	9606.ENSP00000341551	0	0	0	0.833	0.063	0.999	0.900	0.993	0.999
SMAD3	MAPK1	9606.ENSP00000332973	9606.ENSP00000215832	0	0	0	0	0.062	0.680	0.900	0.443	0.981
SMAD3	JUND	9606.ENSP00000332973	9606.ENSP00000252818	0	0	0	0	0	0.345	0	0.679	0.781
SMAD3	SMAD2	9606.ENSP00000332973	9606.ENSP00000262160	0	0	0	0.984	0.114	0.898	0.900	0.991	0.990
SMAD3	CREBBP	9606.ENSP00000332973	9606.ENSP00000262367	0	0	0	0	0.055	0.885	0.900	0.975	0.999
SMAD3	MAPK3	9606.ENSP00000332973	9606.ENSP00000263025	0	0	0	0	0.062	0.104	0.900	0.601	0.962
SMAD3	EP300	9606.ENSP00000332973	9606.ENSP00000263253	0	0	0	0	0.049	0.944	0.900	0.989	0.999
SMAD3	STAT3	9606.ENSP00000332973	9606.ENSP00000264657	0	0	0	0	0.066	0.270	0	0.915	0.937
SMAD3	TP53	9606.ENSP00000332973	9606.ENSP00000269305	0	0	0	0	0.049	0.494	0	0.972	0.985
SMAD3	CDKN2B	9606.ENSP00000332973	9606.ENSP00000276925	0	0	0	0	0	0.057	0.900	0.518	0.950
SMAD3	PPARG	9606.ENSP00000332973	9606.ENSP00000287820	0	0	0	0	0	0.291	0	0.722	0.794
SMAD3	JUNB	9606.ENSP00000332973	9606.ENSP00000303315	0	0	0	0	0	0.478	0.900	0.374	0.964
SMAD3	FOS	9606.ENSP00000332973	9606.ENSP00000306245	0	0	0	0	0	0.497	0.900	0.826	0.990
SMAD3	SP3	9606.ENSP00000332973	9606.ENSP00000310301	0	0	0	0	0.062	0.066	0.900	0.239	0.924
SMAD3	SP1	9606.ENSP00000332973	9606.ENSP00000329357	0	0	0	0	0.062	0.877	0.900	0.930	0.999
SMAD3	SMARCA4	9606.ENSP00000332973	9606.ENSP00000395654	0	0	0	0	0.045	0.270	0	0.724	0.791
SMAD3	ETS1	9606.ENSP00000332973	9606.ENSP00000376436	0	0	0	0	0.062	0.607	0	0.677	0.871
SMAD3	FOXM1	9606.ENSP00000332973	9606.ENSP00000342307	0	0	0	0	0.062	0.319	0	0.834	0.885
SMAD3	ARNT	9606.ENSP00000332973	9606.ENSP00000351407	0	0	0	0	0	0	0.900	0.214	0.918
SMAD3	HDAC2	9606.ENSP00000332973	9606.ENSP00000430432	0	0	0	0	0.062	0.056	0.900	0.490	0.948
SMAD3	MAPK8	9606.ENSP00000332973	9606.ENSP00000378974	0	0	0	0	0.065	0.600	0.800	0.464	0.954
SMAD3	CDK9	9606.ENSP00000332973	9606.ENSP00000362361	0	0	0	0	0	0.270	0.900	0.456	0.956
SMAD3	CDKN1A	9606.ENSP00000332973	9606.ENSP00000384849	0	0	0	0	0	0.270	0.900	0.527	0.962
SMAD3	ESR1	9606.ENSP00000332973	9606.ENSP00000405330	0	0	0	0	0	0.477	0.900	0.612	0.978
SMAD3	HDAC1	9606.ENSP00000332973	9606.ENSP00000362649	0	0	0	0	0.065	0.507	0.900	0.817	0.990
SMAD3	MYC	9606.ENSP00000332973	9606.ENSP00000479618	0	0	0	0	0	0.281	0.900	0.937	0.995
SMAD3	AR	9606.ENSP00000332973	9606.ENSP00000363822	0	0	0	0	0	0.684	0.900	0.960	0.998
SMAD3	SMAD4	9606.ENSP00000332973	9606.ENSP00000341551	0	0	0	0.869	0.082	0.999	0.900	0.993	0.999
SMAD3	HIF1A	9606.ENSP00000332973	9606.ENSP00000437955	0	0	0	0	0	0.772	0.900	0.977	0.999
SMAD3	JUN	9606.ENSP00000332973	9606.ENSP00000360266	0	0	0	0	0	0.757	0.900	0.985	0.999
SMAD4	SMAD2	9606.ENSP00000341551	9606.ENSP00000262160	0	0	0	0.833	0.063	0.999	0.900	0.993	0.999
SMAD4	CREBBP	9606.ENSP00000341551	9606.ENSP00000262367	0	0	0	0	0.069	0.498	0.900	0.853	0.992
SMAD4	EP300	9606.ENSP00000341551	9606.ENSP00000263253	0	0	0	0	0.062	0.882	0.900	0.987	0.999
SMAD4	STAT3	9606.ENSP00000341551	9606.ENSP00000264657	0	0	0	0	0.062	0	0	0.753	0.759
SMAD4	TP53	9606.ENSP00000341551	9606.ENSP00000269305	0	0	0	0	0.065	0	0	0.812	0.817
SMAD4	CDKN2B	9606.ENSP00000341551	9606.ENSP00000276925	0	0	0	0	0	0.282	0.900	0.536	0.963
SMAD4	JUNB	9606.ENSP00000341551	9606.ENSP00000303315	0	0	0	0	0.056	0.287	0.900	0.205	0.939
SMAD4	FOS	9606.ENSP00000341551	9606.ENSP00000306245	0	0	0	0	0	0.062	0.900	0.578	0.957
SMAD4	SP3	9606.ENSP00000341551	9606.ENSP00000310301	0	0	0	0	0.122	0.066	0.900	0.233	0.928
SMAD4	SP1	9606.ENSP00000341551	9606.ENSP00000329357	0	0	0	0	0.062	0.878	0.900	0.371	0.991
SMAD4	SMAD3	9606.ENSP00000341551	9606.ENSP00000332973	0	0	0	0.869	0.082	0.999	0.900	0.993	0.999
SMAD4	ARNT	9606.ENSP00000341551	9606.ENSP00000351407	0	0	0	0	0.045	0	0.900	0.193	0.916
SMAD4	MAPK8	9606.ENSP00000341551	9606.ENSP00000378974	0	0	0	0	0.066	0	0.800	0.608	0.920
SMAD4	HDAC2	9606.ENSP00000341551	9606.ENSP00000430432	0	0	0	0	0.097	0.098	0.900	0.315	0.936
SMAD4	CDK9	9606.ENSP00000341551	9606.ENSP00000362361	0	0	0	0	0.047	0.128	0.900	0.521	0.954
SMAD4	HIF1A	9606.ENSP00000341551	9606.ENSP00000437955	0	0	0	0	0	0.056	0.900	0.738	0.973
SMAD4	MYC	9606.ENSP00000341551	9606.ENSP00000479618	0	0	0	0	0	0.056	0.900	0.787	0.978
SMAD4	CDKN1A	9606.ENSP00000341551	9606.ENSP00000384849	0	0	0	0	0	0.632	0.900	0.528	0.981
SMAD4	HDAC1	9606.ENSP00000341551	9606.ENSP00000362649	0	0	0	0	0.065	0.501	0.900	0.909	0.995
SMAD4	AR	9606.ENSP00000341551	9606.ENSP00000363822	0	0	0	0	0	0.291	0.900	0.937	0.995
SMAD4	ESR1	9606.ENSP00000341551	9606.ENSP00000405330	0	0	0	0	0	0.235	0.900	0.958	0.996
SMAD4	JUN	9606.ENSP00000341551	9606.ENSP00000360266	0	0	0	0	0	0.420	0.900	0.983	0.998
SMARCA4	SMAD2	9606.ENSP00000395654	9606.ENSP00000262160	0	0	0	0	0	0.486	0	0.819	0.903
SMARCA4	CREBBP	9606.ENSP00000395654	9606.ENSP00000262367	0	0	0	0	0.185	0.316	0.900	0.812	0.988
SMARCA4	EP300	9606.ENSP00000395654	9606.ENSP00000263253	0	0	0	0	0.095	0.171	0	0.971	0.977
SMARCA4	STAT3	9606.ENSP00000395654	9606.ENSP00000264657	0	0	0	0	0.066	0.281	0	0.779	0.838
SMARCA4	RB1	9606.ENSP00000395654	9606.ENSP00000267163	0	0	0	0	0.062	0.874	0.720	0.829	0.993
SMARCA4	TP53	9606.ENSP00000395654	9606.ENSP00000269305	0	0	0	0	0.062	0.839	0	0.983	0.997
SMARCA4	PPARG	9606.ENSP00000395654	9606.ENSP00000287820	0	0	0	0	0	0.298	0.600	0.244	0.769
SMARCA4	TERT	9606.ENSP00000395654	9606.ENSP00000309572	0	0	0	0	0.063	0.501	0.900	0.991	0.999
SMARCA4	SP1	9606.ENSP00000395654	9606.ENSP00000329357	0	0	0	0	0.078	0.846	0	0.599	0.938
SMARCA4	SMAD3	9606.ENSP00000395654	9606.ENSP00000332973	0	0	0	0	0.045	0.270	0	0.724	0.791
SMARCA4	ESR2	9606.ENSP00000395654	9606.ENSP00000343925	0	0	0	0	0	0.078	0.900	0.134	0.913
SMARCA4	ETS2	9606.ENSP00000395654	9606.ENSP00000353344	0	0	0	0	0	0.302	0	0.701	0.782
SMARCA4	JUN	9606.ENSP00000395654	9606.ENSP00000360266	0	0	0	0	0	0.329	0.900	0.547	0.966
SMARCA4	HDAC1	9606.ENSP00000395654	9606.ENSP00000362649	0	0	0	0	0.305	0.879	0.650	0.977	0.999
SMARCA4	AR	9606.ENSP00000395654	9606.ENSP00000363822	0	0	0	0	0	0.687	0	0.661	0.889
SMARCA4	TBP	9606.ENSP00000395654	9606.ENSP00000375942	0	0	0	0	0.064	0.248	0	0.711	0.779
SMARCA4	RELA	9606.ENSP00000395654	9606.ENSP00000384273	0	0	0	0	0.083	0	0.900	0.273	0.927
SMARCA4	HIF1A	9606.ENSP00000395654	9606.ENSP00000437955	0	0	0	0	0	0.273	0	0.669	0.749
SMARCA4	ESR1	9606.ENSP00000395654	9606.ENSP00000405330	0	0	0	0	0	0.519	0	0.700	0.849
SMARCA4	MYC	9606.ENSP00000395654	9606.ENSP00000479618	0	0	0	0	0	0.702	0	0.799	0.937
SMARCA4	HDAC2	9606.ENSP00000395654	9606.ENSP00000430432	0	0	0	0	0.176	0.887	0.800	0.868	0.997
SP1	MAPK1	9606.ENSP00000329357	9606.ENSP00000215832	0	0	0	0	0	0.537	0.900	0.255	0.962
SP1	NFKBIA	9606.ENSP00000329357	9606.ENSP00000216797	0	0	0	0	0.049	0.078	0.900	0.322	0.932
SP1	MAPK14	9606.ENSP00000329357	9606.ENSP00000229795	0	0	0	0	0	0.340	0.900	0.204	0.942
SP1	JUND	9606.ENSP00000329357	9606.ENSP00000252818	0	0	0	0	0	0.101	0.900	0.704	0.971
SP1	MDM2	9606.ENSP00000329357	9606.ENSP00000258149	0	0	0	0	0.062	0.345	0	0.976	0.984
SP1	SMAD2	9606.ENSP00000329357	9606.ENSP00000262160	0	0	0	0	0.062	0.683	0.900	0.716	0.990
SP1	CREBBP	9606.ENSP00000329357	9606.ENSP00000262367	0	0	0	0	0.085	0.735	0.800	0.522	0.973
SP1	MAPK3	9606.ENSP00000329357	9606.ENSP00000263025	0	0	0	0	0	0.537	0.900	0.453	0.972
SP1	EP300	9606.ENSP00000329357	9606.ENSP00000263253	0	0	0	0	0.125	0.916	0.900	0.974	0.999
SP1	STAT3	9606.ENSP00000329357	9606.ENSP00000264657	0	0	0	0	0.062	0.838	0	0.965	0.994
SP1	RB1	9606.ENSP00000329357	9606.ENSP00000267163	0	0	0	0	0	0.870	0.900	0.710	0.995
SP1	TP53	9606.ENSP00000329357	9606.ENSP00000269305	0	0	0	0	0.054	0.946	0.900	0.988	0.999
SP1	CDKN2B	9606.ENSP00000329357	9606.ENSP00000276925	0	0	0	0	0.049	0.298	0.900	0.241	0.942
SP1	PPARG	9606.ENSP00000329357	9606.ENSP00000287820	0	0	0	0	0	0.841	0	0.929	0.988
SP1	JUNB	9606.ENSP00000329357	9606.ENSP00000303315	0	0	0	0	0.046	0.101	0.900	0.290	0.930
SP1	FOS	9606.ENSP00000329357	9606.ENSP00000306245	0	0	0	0	0	0.062	0.900	0.501	0.949
SP1	TERT	9606.ENSP00000329357	9606.ENSP00000309572	0	0	0	0	0	0	0.900	0.333	0.930
SP1	FOSL1	9606.ENSP00000329357	9606.ENSP00000310170	0	0	0	0	0	0.062	0.900	0.261	0.924
SP1	SP3	9606.ENSP00000329357	9606.ENSP00000310301	0	0	0	0.851	0.093	0.873	0.900	0.623	0.988
SP1	ETS2	9606.ENSP00000329357	9606.ENSP00000353344	0	0	0	0	0.053	0.057	0.900	0.296	0.928
SP1	TFAP2A	9606.ENSP00000329357	9606.ENSP00000368924	0	0	0	0	0	0.680	0	0.798	0.932
SP1	CDK9	9606.ENSP00000329357	9606.ENSP00000362361	0	0	0	0	0.059	0.058	0.600	0.835	0.933
SP1	MAPK11	9606.ENSP00000329357	9606.ENSP00000333685	0	0	0	0	0	0.340	0.900	0.138	0.938
SP1	NFYA	9606.ENSP00000329357	9606.ENSP00000345702	0	0	0	0	0.058	0.709	0.600	0.502	0.938
SP1	SMARCA4	9606.ENSP00000329357	9606.ENSP00000395654	0	0	0	0	0.078	0.846	0	0.599	0.938
SP1	TNF	9606.ENSP00000329357	9606.ENSP00000398698	0	0	0	0	0	0.056	0.900	0.414	0.939
SP1	ARNT	9606.ENSP00000329357	9606.ENSP00000351407	0	0	0	0	0.080	0.284	0.900	0.294	0.947
SP1	ATF7IP	9606.ENSP00000329357	9606.ENSP00000440440	0	0	0	0	0.065	0.835	0	0.707	0.950
SP1	RNF4	9606.ENSP00000329357	9606.ENSP00000426503	0	0	0	0	0.049	0.680	0	0.856	0.952
SP1	POU2F1	9606.ENSP00000329357	9606.ENSP00000356840	0	0	0	0	0.062	0.867	0.600	0.254	0.958
SP1	CDKN1A	9606.ENSP00000329357	9606.ENSP00000384849	0	0	0	0	0	0.282	0.900	0.489	0.960
SP1	MAPK8	9606.ENSP00000329357	9606.ENSP00000378974	0	0	0	0	0	0.498	0.900	0.286	0.961
SP1	CEBPA	9606.ENSP00000329357	9606.ENSP00000427514	0	0	0	0	0	0.058	0.900	0.690	0.968
SP1	FOXM1	9606.ENSP00000329357	9606.ENSP00000342307	0	0	0	0	0.062	0.298	0.900	0.664	0.974
SP1	AR	9606.ENSP00000329357	9606.ENSP00000363822	0	0	0	0	0	0.869	0	0.813	0.974
SP1	E2F1	9606.ENSP00000329357	9606.ENSP00000345571	0	0	0	0	0	0.785	0.600	0.730	0.974
SP1	ETS1	9606.ENSP00000329357	9606.ENSP00000376436	0	0	0	0	0.062	0.470	0.900	0.558	0.975
SP1	PPARA	9606.ENSP00000329357	9606.ENSP00000385523	0	0	0	0	0	0.076	0.900	0.789	0.978
SP1	SMAD4	9606.ENSP00000329357	9606.ENSP00000341551	0	0	0	0	0.062	0.878	0.900	0.371	0.991
SP1	HTT	9606.ENSP00000329357	9606.ENSP00000347184	0	0	0	0	0.062	0.680	0	0.978	0.993
SP1	HDAC2	9606.ENSP00000329357	9606.ENSP00000430432	0	0	0	0	0.045	0.889	0.900	0.525	0.994
SP1	HIF1A	9606.ENSP00000329357	9606.ENSP00000437955	0	0	0	0	0	0.819	0.900	0.746	0.995
SP1	ESR2	9606.ENSP00000329357	9606.ENSP00000343925	0	0	0	0	0	0.504	0.800	0.961	0.995
SP1	TBP	9606.ENSP00000329357	9606.ENSP00000375942	0	0	0	0	0.062	0.511	0.800	0.974	0.997
SP1	RELA	9606.ENSP00000329357	9606.ENSP00000384273	0	0	0	0	0.048	0.873	0.900	0.833	0.997
SP1	JUN	9606.ENSP00000329357	9606.ENSP00000360266	0	0	0	0	0	0.855	0.900	0.929	0.998
SP1	MYC	9606.ENSP00000329357	9606.ENSP00000479618	0	0	0	0	0.062	0.837	0.900	0.972	0.999
SP1	ESR1	9606.ENSP00000329357	9606.ENSP00000405330	0	0	0	0	0.062	0.900	0.800	0.988	0.999
SP1	SMAD3	9606.ENSP00000329357	9606.ENSP00000332973	0	0	0	0	0.062	0.877	0.900	0.930	0.999
SP1	HDAC1	9606.ENSP00000329357	9606.ENSP00000362649	0	0	0	0	0.069	0.920	0.900	0.987	0.999
SP3	EP300	9606.ENSP00000310301	9606.ENSP00000263253	0	0	0	0	0.062	0.876	0	0.283	0.910
SP3	RB1	9606.ENSP00000310301	9606.ENSP00000267163	0	0	0	0	0	0.242	0.900	0.074	0.923
SP3	RELA	9606.ENSP00000310301	9606.ENSP00000384273	0	0	0	0	0	0.281	0	0.687	0.766
SP3	ESR1	9606.ENSP00000310301	9606.ENSP00000405330	0	0	0	0	0	0.503	0	0.665	0.827
SP3	SMAD3	9606.ENSP00000310301	9606.ENSP00000332973	0	0	0	0	0.062	0.066	0.900	0.239	0.924
SP3	CDKN1A	9606.ENSP00000310301	9606.ENSP00000384849	0	0	0	0	0	0.058	0.900	0.263	0.924
SP3	SMAD4	9606.ENSP00000310301	9606.ENSP00000341551	0	0	0	0	0.122	0.066	0.900	0.233	0.928
SP3	HDAC1	9606.ENSP00000310301	9606.ENSP00000362649	0	0	0	0	0.075	0.883	0	0.451	0.936
SP3	HDAC2	9606.ENSP00000310301	9606.ENSP00000430432	0	0	0	0	0.147	0.700	0.900	0.384	0.982
SP3	SP1	9606.ENSP00000310301	9606.ENSP00000329357	0	0	0	0.851	0.093	0.873	0.900	0.623	0.988
STAT3	MAPK1	9606.ENSP00000264657	9606.ENSP00000215832	0	0	0	0	0.062	0.888	0.900	0.707	0.996
STAT3	NFKBIA	9606.ENSP00000264657	9606.ENSP00000216797	0	0	0	0	0.062	0.057	0	0.694	0.706
STAT3	MAPK14	9606.ENSP00000264657	9606.ENSP00000229795	0	0	0	0	0.062	0.056	0.900	0.624	0.962
STAT3	SMAD2	9606.ENSP00000264657	9606.ENSP00000262160	0	0	0	0	0.068	0	0	0.718	0.726
STAT3	CREBBP	9606.ENSP00000264657	9606.ENSP00000262367	0	0	0	0	0.062	0.683	0.900	0.871	0.995
STAT3	MAPK3	9606.ENSP00000264657	9606.ENSP00000263025	0	0	0	0	0.062	0.225	0.900	0.823	0.985
STAT3	EP300	9606.ENSP00000264657	9606.ENSP00000263253	0	0	0	0	0.062	0.872	0.900	0.989	0.999
STAT3	PPARG	9606.ENSP00000264657	9606.ENSP00000287820	0	0	0	0	0	0.056	0	0.705	0.711
STAT3	SMAD4	9606.ENSP00000264657	9606.ENSP00000341551	0	0	0	0	0.062	0	0	0.753	0.759
STAT3	E2F1	9606.ENSP00000264657	9606.ENSP00000345571	0	0	0	0	0.062	0	0.650	0.382	0.779
STAT3	SMARCA4	9606.ENSP00000264657	9606.ENSP00000395654	0	0	0	0	0.066	0.281	0	0.779	0.838
STAT3	HDAC2	9606.ENSP00000264657	9606.ENSP00000430432	0	0	0	0	0.048	0.655	0	0.611	0.861
STAT3	TP53	9606.ENSP00000264657	9606.ENSP00000269305	0	0	0	0	0	0	0.300	0.845	0.887
STAT3	MAPK8	9606.ENSP00000264657	9606.ENSP00000378974	0	0	0	0	0	0.678	0	0.693	0.897
STAT3	CEBPA	9606.ENSP00000264657	9606.ENSP00000427514	0	0	0	0	0.062	0.066	0.650	0.720	0.903
STAT3	POU2F1	9606.ENSP00000264657	9606.ENSP00000356840	0	0	0	0	0	0	0.900	0.195	0.916
STAT3	SMAD3	9606.ENSP00000264657	9606.ENSP00000332973	0	0	0	0	0.066	0.270	0	0.915	0.937
STAT3	TNF	9606.ENSP00000264657	9606.ENSP00000398698	0	0	0	0	0	0	0.650	0.839	0.941
STAT3	JUNB	9606.ENSP00000264657	9606.ENSP00000303315	0	0	0	0	0.099	0.138	0.900	0.414	0.948
STAT3	FOXM1	9606.ENSP00000264657	9606.ENSP00000342307	0	0	0	0	0	0.246	0	0.960	0.968
STAT3	CDK9	9606.ENSP00000264657	9606.ENSP00000362361	0	0	0	0	0	0.270	0	0.970	0.977
STAT3	ESR1	9606.ENSP00000264657	9606.ENSP00000405330	0	0	0	0	0	0.507	0	0.976	0.988
STAT3	HDAC1	9606.ENSP00000264657	9606.ENSP00000362649	0	0	0	0	0.048	0.845	0	0.935	0.989
STAT3	JUN	9606.ENSP00000264657	9606.ENSP00000360266	0	0	0	0	0.056	0.343	0	0.988	0.993
STAT3	MYC	9606.ENSP00000264657	9606.ENSP00000479618	0	0	0	0	0	0.684	0.900	0.836	0.994
STAT3	SP1	9606.ENSP00000264657	9606.ENSP00000329357	0	0	0	0	0.062	0.838	0	0.965	0.994
STAT3	AR	9606.ENSP00000264657	9606.ENSP00000363822	0	0	0	0	0	0.680	0	0.986	0.995
STAT3	CDKN1A	9606.ENSP00000264657	9606.ENSP00000384849	0	0	0	0	0.073	0.873	0.900	0.638	0.995
STAT3	RELA	9606.ENSP00000264657	9606.ENSP00000384273	0	0	0	0	0.108	0.835	0	0.983	0.997
STAT3	FOS	9606.ENSP00000264657	9606.ENSP00000306245	0	0	0	0	0	0.416	0.900	0.977	0.998
STAT3	HIF1A	9606.ENSP00000264657	9606.ENSP00000437955	0	0	0	0	0.062	0.839	0.900	0.968	0.999
TBP	MDM2	9606.ENSP00000375942	9606.ENSP00000258149	0	0	0	0	0.054	0.501	0	0.960	0.979
TBP	CREBBP	9606.ENSP00000375942	9606.ENSP00000262367	0	0	0	0	0.062	0.425	0	0.638	0.788
TBP	EP300	9606.ENSP00000375942	9606.ENSP00000263253	0	0	0	0	0.062	0.425	0.600	0.957	0.989
TBP	RB1	9606.ENSP00000375942	9606.ENSP00000267163	0	0	0	0	0	0.462	0.900	0.428	0.966
TBP	TP53	9606.ENSP00000375942	9606.ENSP00000269305	0	0	0	0	0.052	0.880	0.900	0.989	0.999
TBP	FOS	9606.ENSP00000375942	9606.ENSP00000306245	0	0	0	0	0	0.682	0	0.465	0.822
TBP	SP1	9606.ENSP00000375942	9606.ENSP00000329357	0	0	0	0	0.062	0.511	0.800	0.974	0.997
TBP	E2F1	9606.ENSP00000375942	9606.ENSP00000345571	0	0	0	0	0	0.684	0.900	0.699	0.989
TBP	NFYA	9606.ENSP00000375942	9606.ENSP00000345702	0	0	0	0	0.062	0.182	0.800	0.486	0.910
TBP	HTT	9606.ENSP00000375942	9606.ENSP00000347184	0	0	0	0	0	0.203	0	0.662	0.719
TBP	POU2F1	9606.ENSP00000375942	9606.ENSP00000356840	0	0	0	0	0	0.282	0.600	0.333	0.792
TBP	JUN	9606.ENSP00000375942	9606.ENSP00000360266	0	0	0	0	0	0.711	0	0.654	0.896
TBP	CDK9	9606.ENSP00000375942	9606.ENSP00000362361	0	0	0	0	0.062	0	0.600	0.587	0.831
TBP	HDAC1	9606.ENSP00000375942	9606.ENSP00000362649	0.049	0	0	0	0.063	0.270	0.900	0.554	0.965
TBP	SMARCA4	9606.ENSP00000375942	9606.ENSP00000395654	0	0	0	0	0.064	0.248	0	0.711	0.779
TBP	RELA	9606.ENSP00000375942	9606.ENSP00000384273	0	0	0	0	0	0.675	0	0.594	0.862
TBP	MYC	9606.ENSP00000375942	9606.ENSP00000479618	0	0	0	0	0.062	0.678	0	0.751	0.918
TBP	HDAC2	9606.ENSP00000375942	9606.ENSP00000430432	0.049	0	0	0	0.063	0	0.900	0.492	0.948
TBP	ESR1	9606.ENSP00000375942	9606.ENSP00000405330	0	0	0	0	0	0.496	0.720	0.914	0.986
TERT	MAPK1	9606.ENSP00000309572	9606.ENSP00000215832	0	0	0	0	0.057	0	0.900	0.268	0.924
TERT	MDM2	9606.ENSP00000309572	9606.ENSP00000258149	0	0	0	0	0	0.486	0	0.564	0.766
TERT	MAPK3	9606.ENSP00000309572	9606.ENSP00000263025	0	0	0	0	0.057	0	0.900	0.342	0.932
TERT	RB1	9606.ENSP00000309572	9606.ENSP00000267163	0	0	0	0	0.065	0	0.900	0.463	0.945
TERT	TP53	9606.ENSP00000309572	9606.ENSP00000269305	0	0	0	0	0.063	0.128	0.900	0.837	0.984
TERT	SP1	9606.ENSP00000309572	9606.ENSP00000329357	0	0	0	0	0	0	0.900	0.333	0.930
TERT	HDAC1	9606.ENSP00000309572	9606.ENSP00000362649	0	0	0	0	0.066	0	0.900	0.437	0.942
TERT	ESR1	9606.ENSP00000309572	9606.ENSP00000405330	0	0	0	0	0	0	0.900	0.518	0.949
TERT	MYC	9606.ENSP00000309572	9606.ENSP00000479618	0	0	0	0	0.077	0.130	0.900	0.799	0.981
TERT	SMARCA4	9606.ENSP00000309572	9606.ENSP00000395654	0	0	0	0	0.063	0.501	0.900	0.991	0.999
TFAP2A	CREBBP	9606.ENSP00000368924	9606.ENSP00000262367	0	0	0	0	0.063	0.098	0.600	0.423	0.779
TFAP2A	EP300	9606.ENSP00000368924	9606.ENSP00000263253	0	0	0	0	0.063	0.516	0.600	0.707	0.939
TFAP2A	TP53	9606.ENSP00000368924	9606.ENSP00000269305	0	0	0	0	0	0.486	0	0.880	0.935
TFAP2A	PPARG	9606.ENSP00000368924	9606.ENSP00000287820	0	0	0	0	0	0.296	0	0.811	0.861
TFAP2A	SP1	9606.ENSP00000368924	9606.ENSP00000329357	0	0	0	0	0	0.680	0	0.798	0.932
TFAP2A	MYC	9606.ENSP00000368924	9606.ENSP00000479618	0	0	0	0	0.070	0.270	0.650	0.639	0.902
TFAP2A	TNF	9606.ENSP00000368924	9606.ENSP00000398698	0	0	0	0	0	0	0.900	0.150	0.911
TFAP2A	CDKN1A	9606.ENSP00000368924	9606.ENSP00000384849	0	0	0	0	0	0	0.900	0.210	0.917
TFAP2A	ESR1	9606.ENSP00000368924	9606.ENSP00000405330	0	0	0	0	0	0.296	0.900	0.388	0.953
TNF	NFKBIA	9606.ENSP00000398698	9606.ENSP00000216797	0	0	0	0	0.152	0.270	0.900	0.893	0.992
TNF	MAPK14	9606.ENSP00000398698	9606.ENSP00000229795	0	0	0	0	0	0	0.900	0.768	0.975
TNF	CREBBP	9606.ENSP00000398698	9606.ENSP00000262367	0	0	0	0	0	0	0.900	0.553	0.953
TNF	MAPK3	9606.ENSP00000398698	9606.ENSP00000263025	0	0	0	0	0	0	0	0.765	0.765
TNF	EP300	9606.ENSP00000398698	9606.ENSP00000263253	0	0	0	0	0	0.270	0.900	0.583	0.967
TNF	STAT3	9606.ENSP00000398698	9606.ENSP00000264657	0	0	0	0	0	0	0.650	0.839	0.941
TNF	TP53	9606.ENSP00000398698	9606.ENSP00000269305	0	0	0	0	0	0	0	0.784	0.784
TNF	PPARG	9606.ENSP00000398698	9606.ENSP00000287820	0	0	0	0	0	0	0.900	0.807	0.979
TNF	FOS	9606.ENSP00000398698	9606.ENSP00000306245	0	0	0	0	0	0	0.900	0.711	0.969
TNF	SP1	9606.ENSP00000398698	9606.ENSP00000329357	0	0	0	0	0	0.056	0.900	0.414	0.939
TNF	MAPK11	9606.ENSP00000398698	9606.ENSP00000333685	0	0	0	0	0	0	0.900	0.472	0.945
TNF	JUN	9606.ENSP00000398698	9606.ENSP00000360266	0	0	0	0	0	0	0.900	0.847	0.984
TNF	TFAP2A	9606.ENSP00000398698	9606.ENSP00000368924	0	0	0	0	0	0	0.900	0.150	0.911
TNF	MAPK8	9606.ENSP00000398698	9606.ENSP00000378974	0	0	0	0	0.052	0	0	0.696	0.700
TNF	RELA	9606.ENSP00000398698	9606.ENSP00000384273	0	0	0	0	0	0.501	0.900	0.824	0.990
TNF	PPARA	9606.ENSP00000398698	9606.ENSP00000385523	0	0	0	0	0	0	0.900	0.700	0.968
TNF	HIF1A	9606.ENSP00000398698	9606.ENSP00000437955	0	0	0	0	0	0	0	0.707	0.707
TNF	CEBPA	9606.ENSP00000398698	9606.ENSP00000427514	0	0	0	0	0.076	0	0.900	0.598	0.959
TNF	MYC	9606.ENSP00000398698	9606.ENSP00000479618	0	0	0	0	0.062	0	0.900	0.666	0.965
TP53	MAPK1	9606.ENSP00000269305	9606.ENSP00000215832	0	0	0	0	0.055	0.876	0.800	0.695	0.991
TP53	NFKBIA	9606.ENSP00000269305	9606.ENSP00000216797	0	0	0	0	0	0.615	0	0.814	0.925
TP53	MAPK14	9606.ENSP00000269305	9606.ENSP00000229795	0	0	0	0	0	0.878	0.900	0.655	0.995
TP53	MDM2	9606.ENSP00000269305	9606.ENSP00000258149	0	0	0	0	0.240	0.998	0.900	0.995	0.999
TP53	SMAD2	9606.ENSP00000269305	9606.ENSP00000262160	0	0	0	0	0.049	0.878	0	0.989	0.998
TP53	CREBBP	9606.ENSP00000269305	9606.ENSP00000262367	0	0	0	0	0	0.983	0.900	0.988	0.999
TP53	MAPK3	9606.ENSP00000269305	9606.ENSP00000263025	0	0	0	0	0.062	0.680	0.800	0.721	0.981
TP53	EP300	9606.ENSP00000269305	9606.ENSP00000263253	0	0	0	0	0	0.998	0.900	0.989	0.999
TP53	STAT3	9606.ENSP00000269305	9606.ENSP00000264657	0	0	0	0	0	0	0.300	0.845	0.887
TP53	RB1	9606.ENSP00000269305	9606.ENSP00000267163	0	0	0	0	0.056	0.486	0.900	0.823	0.990
TP53	CDKN2B	9606.ENSP00000269305	9606.ENSP00000276925	0	0	0	0	0	0.142	0	0.729	0.757
TP53	CEBPA	9606.ENSP00000269305	9606.ENSP00000427514	0	0	0	0	0	0	0	0.765	0.766
TP53	TNF	9606.ENSP00000269305	9606.ENSP00000398698	0	0	0	0	0	0	0	0.784	0.784
TP53	SMAD4	9606.ENSP00000269305	9606.ENSP00000341551	0	0	0	0	0.065	0	0	0.812	0.817
TP53	AR	9606.ENSP00000269305	9606.ENSP00000363822	0	0	0	0	0	0.474	0	0.776	0.877
TP53	ESR2	9606.ENSP00000269305	9606.ENSP00000343925	0	0	0	0	0	0	0	0.881	0.881
TP53	FOS	9606.ENSP00000269305	9606.ENSP00000306245	0	0	0	0	0	0	0.600	0.717	0.882
TP53	MYC	9606.ENSP00000269305	9606.ENSP00000479618	0	0	0	0	0.091	0.274	0	0.893	0.923
TP53	PPARG	9606.ENSP00000269305	9606.ENSP00000287820	0	0	0	0	0	0.292	0.650	0.719	0.924
TP53	TFAP2A	9606.ENSP00000269305	9606.ENSP00000368924	0	0	0	0	0	0.486	0	0.880	0.935
TP53	JUN	9606.ENSP00000269305	9606.ENSP00000360266	0	0	0	0	0	0.149	0.600	0.838	0.940
TP53	CDK9	9606.ENSP00000269305	9606.ENSP00000362361	0	0	0	0	0	0.839	0	0.731	0.954
TP53	MAPK11	9606.ENSP00000269305	9606.ENSP00000333685	0	0	0	0	0	0.285	0.900	0.437	0.956
TP53	E2F1	9606.ENSP00000269305	9606.ENSP00000345571	0	0	0	0	0	0.678	0	0.925	0.975
TP53	ETS1	9606.ENSP00000269305	9606.ENSP00000376436	0	0	0	0	0	0.675	0	0.933	0.977
TP53	RELA	9606.ENSP00000269305	9606.ENSP00000384273	0	0	0	0	0.062	0.451	0	0.964	0.980
TP53	TERT	9606.ENSP00000269305	9606.ENSP00000309572	0	0	0	0	0.063	0.128	0.900	0.837	0.984
TP53	SMAD3	9606.ENSP00000269305	9606.ENSP00000332973	0	0	0	0	0.049	0.494	0	0.972	0.985
TP53	NFYA	9606.ENSP00000269305	9606.ENSP00000345702	0	0	0	0	0	0.675	0.900	0.763	0.991
TP53	ESR1	9606.ENSP00000269305	9606.ENSP00000405330	0	0	0	0	0	0.835	0	0.968	0.994
TP53	ETS2	9606.ENSP00000269305	9606.ENSP00000353344	0	0	0	0	0	0.675	0	0.983	0.994
TP53	SMARCA4	9606.ENSP00000269305	9606.ENSP00000395654	0	0	0	0	0.062	0.839	0	0.983	0.997
TP53	MAPK8	9606.ENSP00000269305	9606.ENSP00000378974	0	0	0	0	0	0.884	0.900	0.827	0.997
TP53	HTT	9606.ENSP00000269305	9606.ENSP00000347184	0	0	0	0	0	0.270	0.800	0.982	0.997
TP53	TBP	9606.ENSP00000269305	9606.ENSP00000375942	0	0	0	0	0.052	0.880	0.900	0.989	0.999
TP53	SP1	9606.ENSP00000269305	9606.ENSP00000329357	0	0	0	0	0.054	0.946	0.900	0.988	0.999
TP53	HIF1A	9606.ENSP00000269305	9606.ENSP00000437955	0	0	0	0	0	0.870	0.900	0.989	0.999
TP53	HDAC1	9606.ENSP00000269305	9606.ENSP00000362649	0	0	0	0	0.062	0.927	0.900	0.989	0.999
TP53	CDKN1A	9606.ENSP00000269305	9606.ENSP00000384849	0	0	0	0	0	0.968	0.900	0.903	0.999
TP53	HDAC2	9606.ENSP00000269305	9606.ENSP00000430432	0	0	0	0	0.049	0.872	0.900	0.948	0.999
